cenario;p;r_m;variante;metrica;regiao_funcional;demanda;coberta;cobertura_pct
C1;10;800;aj_estimado;euclid;Centro/Sede;579,778;286,957;49,49
C1;10;800;aj_estimado;euclid;Continente;278,315;216,995;77,97
C1;10;800;aj_estimado;euclid;Leste;136,009;0,0;0,0
C1;10;800;aj_estimado;euclid;Norte;335,02;45,636;13,62
C1;10;800;aj_estimado;euclid;Sul;262,277;0,0;0,0
C1;10;800;aj_estimado;walk;Centro/Sede;579,778;206,668;35,65
C1;10;800;aj_estimado;walk;Continente;278,315;109,108;39,2
C1;10;800;aj_estimado;walk;Leste;136,009;0,0;0,0
C1;10;800;aj_estimado;walk;Norte;335,02;0,0;0,0
C1;10;800;aj_estimado;walk;Sul;262,277;0,0;0,0
C1;10;800;aj_unitario;euclid;Centro/Sede;579,778;286,957;49,49
C1;10;800;aj_unitario;euclid;Continente;278,315;216,995;77,97
C1;10;800;aj_unitario;euclid;Leste;136,009;0,0;0,0
C1;10;800;aj_unitario;euclid;Norte;335,02;45,636;13,62
C1;10;800;aj_unitario;euclid;Sul;262,277;0,0;0,0
C1;10;800;aj_unitario;walk;Centro/Sede;579,778;206,668;35,65
C1;10;800;aj_unitario;walk;Continente;278,315;109,108;39,2
C1;10;800;aj_unitario;walk;Leste;136,009;0,0;0,0
C1;10;800;aj_unitario;walk;Norte;335,02;0,0;0,0
C1;10;800;aj_unitario;walk;Sul;262,277;0,0;0,0
C2;20;800;aj_estimado;euclid;Centro/Sede;579,778;410,12;70,74
C2;20;800;aj_estimado;euclid;Continente;278,315;216,995;77,97
C2;20;800;aj_estimado;euclid;Leste;136,009;29,334;21,57
C2;20;800;aj_estimado;euclid;Norte;335,02;104,655;31,24
C2;20;800;aj_estimado;euclid;Sul;262,277;73,245;27,93
C2;20;800;aj_estimado;walk;Centro/Sede;579,778;287,908;49,66
C2;20;800;aj_estimado;walk;Continente;278,315;167,011;60,01
C2;20;800;aj_estimado;walk;Leste;136,009;0,0;0,0
C2;20;800;aj_estimado;walk;Norte;335,02;56,62;16,9
C2;20;800;aj_estimado;walk;Sul;262,277;0,0;0,0
C2;20;800;aj_unitario;euclid;Centro/Sede;579,778;410,12;70,74
C2;20;800;aj_unitario;euclid;Continente;278,315;216,995;77,97
C2;20;800;aj_unitario;euclid;Leste;136,009;29,334;21,57
C2;20;800;aj_unitario;euclid;Norte;335,02;104,655;31,24
C2;20;800;aj_unitario;euclid;Sul;262,277;73,245;27,93
C2;20;800;aj_unitario;walk;Centro/Sede;579,778;287,908;49,66
C2;20;800;aj_unitario;walk;Continente;278,315;167,011;60,01
C2;20;800;aj_unitario;walk;Leste;136,009;0,0;0,0
C2;20;800;aj_unitario;walk;Norte;335,02;56,62;16,9
C2;20;800;aj_unitario;walk;Sul;262,277;0,0;0,0
C3;40;800;aj_estimado;euclid;Centro/Sede;579,778;496,677;85,67
C3;40;800;aj_estimado;euclid;Continente;278,315;269,332;96,77
C3;40;800;aj_estimado;euclid;Leste;136,009;73,745;54,22
C3;40;800;aj_estimado;euclid;Norte;335,02;184,895;55,19
C3;40;800;aj_estimado;euclid;Sul;262,277;138,575;52,84
C3;40;800;aj_estimado;walk;Centro/Sede;579,778;403,209;69,55
C3;40;800;aj_estimado;walk;Continente;278,315;217,624;78,19
C3;40;800;aj_estimado;walk;Leste;136,009;10,017;7,37
C3;40;800;aj_estimado;walk;Norte;335,02;116,6;34,8
C3;40;800;aj_estimado;walk;Sul;262,277;15,657;5,97
C3;40;800;aj_unitario;euclid;Centro/Sede;579,778;496,677;85,67
C3;40;800;aj_unitario;euclid;Continente;278,315;269,332;96,77
C3;40;800;aj_unitario;euclid;Leste;136,009;73,744;54,22
C3;40;800;aj_unitario;euclid;Norte;335,02;184,896;55,19
C3;40;800;aj_unitario;euclid;Sul;262,277;138,575;52,84
C3;40;800;aj_unitario;walk;Centro/Sede;579,778;403,209;69,55
C3;40;800;aj_unitario;walk;Continente;278,315;217,624;78,19
C3;40;800;aj_unitario;walk;Leste;136,009;10,017;7,37
C3;40;800;aj_unitario;walk;Norte;335,02;116,6;34,8
C3;40;800;aj_unitario;walk;Sul;262,277;15,658;5,97
C4;20;500;aj_estimado;euclid;Centro/Sede;579,778;288,843;49,82
C4;20;500;aj_estimado;euclid;Continente;278,315;174,89;62,84
C4;20;500;aj_estimado;euclid;Leste;136,009;0,0;0,0
C4;20;500;aj_estimado;euclid;Norte;335,02;61,086;18,23
C4;20;500;aj_estimado;euclid;Sul;262,277;0,0;0,0
C4;20;500;aj_estimado;walk;Centro/Sede;579,778;194,686;33,58
C4;20;500;aj_estimado;walk;Continente;278,315;93,986;33,77
C4;20;500;aj_estimado;walk;Leste;136,009;0,0;0,0
C4;20;500;aj_estimado;walk;Norte;335,02;0,0;0,0
C4;20;500;aj_estimado;walk;Sul;262,277;0,0;0,0
C4;20;500;aj_unitario;euclid;Centro/Sede;579,778;288,843;49,82
C4;20;500;aj_unitario;euclid;Continente;278,315;174,89;62,84
C4;20;500;aj_unitario;euclid;Leste;136,009;0,0;0,0
C4;20;500;aj_unitario;euclid;Norte;335,02;61,086;18,23
C4;20;500;aj_unitario;euclid;Sul;262,277;0,0;0,0
C4;20;500;aj_unitario;walk;Centro/Sede;579,778;194,686;33,58
C4;20;500;aj_unitario;walk;Continente;278,315;93,986;33,77
C4;20;500;aj_unitario;walk;Leste;136,009;0,0;0,0
C4;20;500;aj_unitario;walk;Norte;335,02;0,0;0,0
C4;20;500;aj_unitario;walk;Sul;262,277;0,0;0,0
C5;20;1500;aj_estimado;euclid;Centro/Sede;579,778;540,336;93,2
C5;20;1500;aj_estimado;euclid;Continente;278,315;263,652;94,73
C5;20;1500;aj_estimado;euclid;Leste;136,009;76,269;56,08
C5;20;1500;aj_estimado;euclid;Norte;335,02;192,293;57,4
C5;20;1500;aj_estimado;euclid;Sul;262,277;198,885;75,83
C5;20;1500;aj_estimado;drive;Centro/Sede;579,778;397,588;68,58
C5;20;1500;aj_estimado;drive;Continente;278,315;244,394;87,81
C5;20;1500;aj_estimado;drive;Leste;136,009;34,595;25,44
C5;20;1500;aj_estimado;drive;Norte;335,02;118,573;35,39
C5;20;1500;aj_estimado;drive;Sul;262,277;104,466;39,83
C5;20;1500;aj_unitario;euclid;Centro/Sede;579,778;540,337;93,2
C5;20;1500;aj_unitario;euclid;Continente;278,315;263,65;94,73
C5;20;1500;aj_unitario;euclid;Leste;136,009;76,269;56,08
C5;20;1500;aj_unitario;euclid;Norte;335,02;192,293;57,4
C5;20;1500;aj_unitario;euclid;Sul;262,277;198,885;75,83
C5;20;1500;aj_unitario;drive;Centro/Sede;579,778;397,587;68,58
C5;20;1500;aj_unitario;drive;Continente;278,315;244,394;87,81
C5;20;1500;aj_unitario;drive;Leste;136,009;34,595;25,44
C5;20;1500;aj_unitario;drive;Norte;335,02;118,574;35,39
C5;20;1500;aj_unitario;drive;Sul;262,277;104,466;39,83
C6;20;800/1500;aj_estimado;misto;Centro/Sede;579,778;229,986;39,67
C6;20;800/1500;aj_estimado;misto;Continente;278,315;109,108;39,2
C6;20;800/1500;aj_estimado;misto;Leste;136,009;34,595;25,44
C6;20;800/1500;aj_estimado;misto;Norte;335,02;118,573;35,39
C6;20;800/1500;aj_estimado;misto;Sul;262,277;126,93;48,4
C6;20;800/1500;aj_unitario;misto;Centro/Sede;579,778;229,986;39,67
C6;20;800/1500;aj_unitario;misto;Continente;278,315;109,108;39,2
C6;20;800/1500;aj_unitario;misto;Leste;136,009;34,595;25,44
C6;20;800/1500;aj_unitario;misto;Norte;335,02;118,574;35,39
C6;20;800/1500;aj_unitario;misto;Sul;262,277;126,929;48,4
