cenario;p;r_m;variante;metrica;tipo;pontos;pct_dos_abertos
C1;10;800;aj_estimado;euclid;mercado_pequeno;7;70,0
C1;10;800;aj_estimado;euclid;farmacia;2;20,0
C1;10;800;aj_estimado;euclid;supermercado;1;10,0
C1;10;800;aj_estimado;walk;mercado_pequeno;5;50,0
C1;10;800;aj_estimado;walk;farmacia;3;30,0
C1;10;800;aj_estimado;walk;supermercado;1;10,0
C1;10;800;aj_estimado;walk;conveniencia;1;10,0
C1;10;800;aj_unitario;euclid;mercado_pequeno;7;70,0
C1;10;800;aj_unitario;euclid;farmacia;2;20,0
C1;10;800;aj_unitario;euclid;supermercado;1;10,0
C1;10;800;aj_unitario;walk;mercado_pequeno;5;50,0
C1;10;800;aj_unitario;walk;farmacia;3;30,0
C1;10;800;aj_unitario;walk;supermercado;1;10,0
C1;10;800;aj_unitario;walk;conveniencia;1;10,0
C2;20;800;aj_estimado;euclid;mercado_pequeno;11;55,0
C2;20;800;aj_estimado;euclid;farmacia;4;20,0
C2;20;800;aj_estimado;euclid;supermercado;3;15,0
C2;20;800;aj_estimado;euclid;conveniencia;2;10,0
C2;20;800;aj_estimado;walk;mercado_pequeno;9;45,0
C2;20;800;aj_estimado;walk;farmacia;5;25,0
C2;20;800;aj_estimado;walk;conveniencia;3;15,0
C2;20;800;aj_estimado;walk;supermercado;3;15,0
C2;20;800;aj_unitario;euclid;mercado_pequeno;11;55,0
C2;20;800;aj_unitario;euclid;farmacia;4;20,0
C2;20;800;aj_unitario;euclid;supermercado;3;15,0
C2;20;800;aj_unitario;euclid;conveniencia;2;10,0
C2;20;800;aj_unitario;walk;mercado_pequeno;10;50,0
C2;20;800;aj_unitario;walk;farmacia;5;25,0
C2;20;800;aj_unitario;walk;conveniencia;3;15,0
C2;20;800;aj_unitario;walk;supermercado;2;10,0
C3;40;800;aj_estimado;euclid;mercado_pequeno;16;40,0
C3;40;800;aj_estimado;euclid;farmacia;11;27,5
C3;40;800;aj_estimado;euclid;conveniencia;6;15,0
C3;40;800;aj_estimado;euclid;supermercado;5;12,5
C3;40;800;aj_estimado;euclid;agencia_postal;2;5,0
C3;40;800;aj_estimado;walk;mercado_pequeno;19;47,5
C3;40;800;aj_estimado;walk;farmacia;10;25,0
C3;40;800;aj_estimado;walk;supermercado;5;12,5
C3;40;800;aj_estimado;walk;conveniencia;5;12,5
C3;40;800;aj_estimado;walk;agencia_postal;1;2,5
C3;40;800;aj_unitario;euclid;mercado_pequeno;17;42,5
C3;40;800;aj_unitario;euclid;farmacia;11;27,5
C3;40;800;aj_unitario;euclid;conveniencia;6;15,0
C3;40;800;aj_unitario;euclid;supermercado;4;10,0
C3;40;800;aj_unitario;euclid;agencia_postal;2;5,0
C3;40;800;aj_unitario;walk;mercado_pequeno;22;55,0
C3;40;800;aj_unitario;walk;farmacia;8;20,0
C3;40;800;aj_unitario;walk;conveniencia;5;12,5
C3;40;800;aj_unitario;walk;supermercado;4;10,0
C3;40;800;aj_unitario;walk;agencia_postal;1;2,5
C4;20;500;aj_estimado;euclid;mercado_pequeno;12;60,0
C4;20;500;aj_estimado;euclid;farmacia;3;15,0
C4;20;500;aj_estimado;euclid;supermercado;3;15,0
C4;20;500;aj_estimado;euclid;conveniencia;2;10,0
C4;20;500;aj_estimado;walk;mercado_pequeno;10;50,0
C4;20;500;aj_estimado;walk;farmacia;5;25,0
C4;20;500;aj_estimado;walk;conveniencia;3;15,0
C4;20;500;aj_estimado;walk;supermercado;1;5,0
C4;20;500;aj_estimado;walk;agencia_postal;1;5,0
C4;20;500;aj_unitario;euclid;mercado_pequeno;14;70,0
C4;20;500;aj_unitario;euclid;farmacia;2;10,0
C4;20;500;aj_unitario;euclid;conveniencia;2;10,0
C4;20;500;aj_unitario;euclid;supermercado;2;10,0
C4;20;500;aj_unitario;walk;mercado_pequeno;10;50,0
C4;20;500;aj_unitario;walk;farmacia;4;20,0
C4;20;500;aj_unitario;walk;conveniencia;4;20,0
C4;20;500;aj_unitario;walk;supermercado;1;5,0
C4;20;500;aj_unitario;walk;agencia_postal;1;5,0
C5;20;1500;aj_estimado;euclid;mercado_pequeno;7;35,0
C5;20;1500;aj_estimado;euclid;farmacia;6;30,0
C5;20;1500;aj_estimado;euclid;supermercado;4;20,0
C5;20;1500;aj_estimado;euclid;conveniencia;3;15,0
C5;20;1500;aj_estimado;drive;farmacia;7;35,0
C5;20;1500;aj_estimado;drive;mercado_pequeno;6;30,0
C5;20;1500;aj_estimado;drive;conveniencia;4;20,0
C5;20;1500;aj_estimado;drive;supermercado;3;15,0
C5;20;1500;aj_unitario;euclid;mercado_pequeno;9;45,0
C5;20;1500;aj_unitario;euclid;farmacia;5;25,0
C5;20;1500;aj_unitario;euclid;conveniencia;3;15,0
C5;20;1500;aj_unitario;euclid;supermercado;3;15,0
C5;20;1500;aj_unitario;drive;mercado_pequeno;10;50,0
C5;20;1500;aj_unitario;drive;farmacia;5;25,0
C5;20;1500;aj_unitario;drive;conveniencia;4;20,0
C5;20;1500;aj_unitario;drive;supermercado;1;5,0
C6;20;800/1500;aj_estimado;misto;mercado_pequeno;9;45,0
C6;20;800/1500;aj_estimado;misto;farmacia;5;25,0
C6;20;800/1500;aj_estimado;misto;conveniencia;3;15,0
C6;20;800/1500;aj_estimado;misto;supermercado;3;15,0
C6;20;800/1500;aj_unitario;misto;mercado_pequeno;12;60,0
C6;20;800/1500;aj_unitario;misto;farmacia;4;20,0
C6;20;800/1500;aj_unitario;misto;conveniencia;3;15,0
C6;20;800/1500;aj_unitario;misto;supermercado;1;5,0
