raio_m;metrica;p;cobertura_municipio_pct;cobertura_teto_pct;ganho_marginal_pp_por_ponto;metodo;tempo_s;Z1;demanda_total;teto_Z1;otimo_comprovado;n_binarias;n_continuas;n_restricoes;gap_relativo_exigido;limite_tempo_s;solver
800;walk;5;11,94069044632159;13,869346741003746;2,388138089264318;CBC, otimo comprovado (gap relativo 0);4,172127800062299;190,0241;1591,3996;1370,1013000000003;True;815;5726;6528;0,0;600;CBC via PuLP 2.8.0
800;walk;10;19,842678105486517;23,047660782454546;1,5803975318329855;CBC, otimo comprovado (gap relativo 0);2,142023899592459;315,7763;1591,3996;1370,1013000000003;True;815;5726;6528;0,0;600;CBC via PuLP 2.8.0
800;walk;15;26,604556140393647;30,901715077563964;1,3523756069814261;CBC, otimo comprovado (gap relativo 0);2,517275500111282;423,3848;1591,3996;1370,1013000000003;True;815;5726;6528;0,0;600;CBC via PuLP 2.8.0
800;walk;20;32,143975655140295;37,335859764529815;1,1078839029493295;CBC, otimo comprovado (gap relativo 0);1,365771499928087;511,5391;1591,3996;1370,1013000000003;True;815;5726;6528;0,0;600;CBC via PuLP 2.8.0
800;walk;25;36,84058988075653;42,791069536245224;0,9393228451232474;CBC, otimo comprovado (gap relativo 0);1,3337550000287592;586,281;1591,3996;1370,1013000000003;True;815;5726;6528;0,0;600;CBC via PuLP 2.8.0
800;walk;30;40,874743213458146;47,47681795499354;0,8068306665403228;CBC, otimo comprovado (gap relativo 0);1,169477800372988;650,4805;1591,3996;1370,1013000000003;True;815;5726;6528;0,0;600;CBC via PuLP 2.8.0
800;walk;35;44,60696735125483;51,811869677081525;0,7464448275593369;CBC, otimo comprovado (gap relativo 0);1,303606300149113;709,8751;1591,3996;1370,1013000000003;True;815;5726;6528;0,0;600;CBC via PuLP 2.8.0
800;walk;40;47,95204799599045;55,69724661964774;0,6690161289471235;CBC, otimo comprovado (gap relativo 0);2,5610160999931395;763,1087;1591,3996;1370,1013000000003;True;815;5726;6528;0,0;600;CBC via PuLP 2.8.0
800;walk;45;51,01723665130995;59,257523513042415;0,6130377310639006;CBC, otimo comprovado (gap relativo 0);2,503987599629909;811,8881;1591,3996;1370,1013000000003;True;815;5726;6528;0,0;600;CBC via PuLP 2.8.0
800;walk;50;53,91070853605844;62,61834800098356;0,5786943769496986;CBC, otimo comprovado (gap relativo 0);1,1800607000477612;857,9348;1591,3996;1370,1013000000003;True;815;5726;6528;0,0;600;CBC via PuLP 2.8.0
800;walk;55;56,51669762892991;65,64525557343825;0,5211978185742936;CBC, otimo comprovado (gap relativo 0);1,250618599820882;899,4065;1591,3996;1370,1013000000003;True;815;5726;6528;0,0;600;CBC via PuLP 2.8.0
800;walk;60;58,982382551811625;68,50919709367473;0,49313698457634275;CBC, otimo comprovado (gap relativo 0);5,8474142998456955;938,6454;1591,3996;1370,1013000000003;True;815;5726;6528;0,0;600;CBC via PuLP 2.8.0
500;walk;5;6,384003112731711;9,895498008627818;1,2768006225463422;CBC, otimo comprovado (gap relativo 0);0,6590581997297704;101,595;1591,3996;1026,679;True;704;2290;2900;0,0;600;CBC via PuLP 2.8.0
500;walk;10;10,942223436527193;16,960948845744383;0,9116440647590964;CBC, otimo comprovado (gap relativo 0);0,519249000120908;174,1345;1591,3996;1026,679;True;704;2290;2900;0,0;600;CBC via PuLP 2.8.0
500;walk;15;14,837059152207907;22,998123074495535;0,7789671431361427;CBC, otimo comprovado (gap relativo 0);0,4360036002472043;236,11690000000002;1591,3996;1026,679;True;704;2290;2900;0,0;600;CBC via PuLP 2.8.0
500;walk;20;18,13951693842326;28,11708430775344;0,6604915572430705;CBC, otimo comprovado (gap relativo 0);0,5102937002666295;288,6722;1591,3996;1026,679;True;704;2290;2900;0,0;600;CBC via PuLP 2.8.0
500;walk;25;21,041503340832815;32,615296504554976;0,5803972804819111;CBC, otimo comprovado (gap relativo 0);0,4647280997596681;334,8544;1591,3996;1026,679;True;704;2290;2900;0,0;600;CBC via PuLP 2.8.0
500;walk;30;23,67286004093504;36,69402023417251;0,5262713400204447;CBC, otimo comprovado (gap relativo 0);0,44767280016094446;376,7298;1591,3996;1026,679;True;704;2290;2900;0,0;600;CBC via PuLP 2.8.0
500;walk;35;26,081494553599235;40,427514344795206;0,48172690253283934;CBC, otimo comprovado (gap relativo 0);0,44214989989995956;415,06080000000003;1591,3996;1026,679;True;704;2290;2900;0,0;600;CBC via PuLP 2.8.0
500;walk;40;28,419455427788222;44,05146107011053;0,46759217483779736;CBC, otimo comprovado (gap relativo 0);0,4784172000363469;452,2671;1591,3996;1026,679;True;704;2290;2900;0,0;600;CBC via PuLP 2.8.0
500;walk;45;30,518205484028023;47,30462004190209;0,41975001124796024;CBC, otimo comprovado (gap relativo 0);0,517168499995023;485,6666;1591,3996;1026,679;True;704;2290;2900;0,0;600;CBC via PuLP 2.8.0
500;walk;50;32,444780053985184;50,290899102835446;0,3853149139914322;CBC, otimo comprovado (gap relativo 0);0,4778307997621596;516,3261;1591,3996;1026,679;True;704;2290;2900;0,0;600;CBC via PuLP 2.8.0
500;walk;55;34,21162729964241;53,02959347566279;0,3533694491314449;CBC, otimo comprovado (gap relativo 0);0,5145772001706064;544,4437;1591,3996;1026,679;True;704;2290;2900;0,0;600;CBC via PuLP 2.8.0
500;walk;60;35,8656304802389;55,59337436530794;0,330800636119298;CBC, otimo comprovado (gap relativo 0);0,8689071000553668;570,7655;1591,3996;1026,679;True;704;2290;2900;0,0;600;CBC via PuLP 2.8.0
1500;drive;5;24,917311780146232;25,440876974811072;4,983462356029246;CBC, otimo comprovado (gap relativo 0);14,892009299714118;396,534;1591,3996;1558,6491;True;848;15019;15942;0,0;600;CBC via PuLP 2.8.0
1500;drive;10;38,573033448041585;39,383534112970004;2,7311443335790706;CBC, otimo comprovado (gap relativo 0);14,610655299853534;613,8511;1591,3996;1558,6491;True;848;15019;15942;0,0;600;CBC via PuLP 2.8.0
1500;drive;15;48,53149391265399;49,551242803784376;1,9916920929224815;CBC, otimo comprovado (gap relativo 0);3,557386400178075;772,33;1591,3996;1558,6491;True;848;15019;15942;0,0;600;CBC via PuLP 2.8.0
1500;drive;20;56,52992497924468;57,71773775123599;1,599686213318138;CBC, otimo comprovado (gap relativo 0);16,602330500259995;899,617;1591,3996;1558,6491;True;848;15019;15942;0,0;600;CBC via PuLP 2.8.0
1500;drive;25;62,987303754506414;64,31079965336649;1,2914757550523461;CBC, otimo comprovado (gap relativo 0);30,07942040031776;1002,3797;1591,3996;1558,6491;True;848;15019;15942;0,0;600;CBC via PuLP 2.8.0
1500;drive;30;68,57833821247661;70,01931351963697;1,118206891594039;CBC, otimo comprovado (gap relativo 0);34,395179899875075;1091,3554;1591,3996;1558,6491;True;848;15019;15942;0,0;600;CBC via PuLP 2.8.0
1500;drive;35;73,558514153202;75,10413344478881;0,9960351881450776;CBC, otimo comprovado (gap relativo 0);26,545463799964637;1170,6099;1591,3996;1558,6491;True;848;15019;15942;0,0;600;CBC via PuLP 2.8.0
1500;drive;40;77,78084775187828;79,41518716432068;0,8444667197352572;CBC, otimo comprovado (gap relativo 0);43,84590699989349;1237,8041;1591,3996;1558,6491;True;848;15019;15942;0,0;600;CBC via PuLP 2.8.0
1500;drive;45;81,23324902180445;82,94013065545028;0,690480253985234;CBC, otimo comprovado (gap relativo 0);35,01776959979907;1292,7456;1591,3996;1558,6491;True;848;15019;15942;0,0;600;CBC via PuLP 2.8.0
1500;drive;50;84,17702882418722;85,94576547088116;0,5887559604765528;CBC, otimo comprovado (gap relativo 0);42,097916999831796;1339,5929;1591,3996;1558,6491;True;848;15019;15942;0,0;600;CBC via PuLP 2.8.0
1500;drive;55;86,73511040218938;88,55759772998297;0,5116163156004319;CBC, otimo comprovado (gap relativo 0);32,8067242000252;1380,3022;1591,3996;1558,6491;True;848;15019;15942;0,0;600;CBC via PuLP 2.8.0
1500;drive;60;88,94574310562854;90,8146804819635;0,44212654068783197;CBC, otimo comprovado (gap relativo 0);42,72611940000206;1415,4822;1591,3996;1558,6491;True;848;15019;15942;0,0;600;CBC via PuLP 2.8.0
