cenario;p;r_m;metrica;pares_elegiveis;candidatos_elegiveis;pontos_que_mudam;fracao_de_p;Z1_igual;Z2_aj_estimado;Z2_aj_unitario;dist_aj_estimado_m;dist_aj_unitario_m;aj_medio_estimado;aj_medio_unitario
C1;10;800;euclid;13768;854;1;0,1;True;443515,49;283162,84;516,6;515,2;0,6688;0,6664
C1;10;800;walk;5726;815;0;0,0;True;232305,87;169856,43;538,1;537,9;0,7351;0,7351
C2;20;800;euclid;13768;854;1;0,05;True;696022,8;425677,66;512,3;510,2;0,6316;0,6266
C2;20;800;walk;5726;815;2;0,1;True;389975,75;275699,14;540,5;539,0;0,7101;0,7026
C3;40;800;euclid;13768;854;5;0,125;True;907170,44;572168,14;493,0;491,9;0,6367;0,6308
C3;40;800;walk;5726;815;4;0,1;True;631694,29;411567,82;543,5;539,3;0,6542;0,6454
C4;20;500;euclid;6418;835;3;0,15;True;269248,62;172486,69;329,2;328,7;0,6612;0,6505
C4;20;500;walk;2290;704;1;0,05;True;151729,15;104423,96;362,6;361,7;0,6993;0,6958
C5;20;1500;euclid;36346;856;3;0,15;True;1736133,86;1117596,48;885,0;879,0;0,6526;0,6406
C5;20;1500;drive;15019;848;4;0,2;True;1231978,85;842994,41;942,0;937,1;0,6857;0,664
C6;20;800/1500;misto;8041;847;3;0,15;True;682442,63;464516,0;754,7;750,2;0,692;0,6753
