grupo;cenario;metrica;beta;alpha;faixa_renda;renda_min;renda_max;pontos;pop;pop_coberta;cobertura_pop_pct
matriz_principal;C1;walk;0,3;referencia;1;1473,28;2940,99;168;107430;16411,0;15,28
matriz_principal;C1;walk;0,3;referencia;2;2941,08;4029,89;182;107531;1582,0;1,47
matriz_principal;C1;walk;0,3;referencia;3;4041,26;5692,01;187;107772;7423,0;6,89
matriz_principal;C1;walk;0,3;referencia;4;5700,9;8507,55;221;107342;22633,0;21,08
matriz_principal;C1;walk;0,3;referencia;5;8520,39;28213,33;206;107136;47172,9;44,03
matriz_principal;C2;walk;0,3;referencia;1;1473,28;2940,99;168;107430;29184,8;27,17
matriz_principal;C2;walk;0,3;referencia;2;2941,08;4029,89;182;107531;19753,0;18,37
matriz_principal;C2;walk;0,3;referencia;3;4041,26;5692,01;187;107772;23937,0;22,21
matriz_principal;C2;walk;0,3;referencia;4;5700,9;8507,55;221;107342;37555,0;34,99
matriz_principal;C2;walk;0,3;referencia;5;8520,39;28213,33;206;107136;53057,0;49,52
matriz_principal;C3;walk;0,3;referencia;1;1473,28;2940,99;168;107430;55403,0;51,57
matriz_principal;C3;walk;0,3;referencia;2;2941,08;4029,89;182;107531;35238,7;32,77
matriz_principal;C3;walk;0,3;referencia;3;4041,26;5692,01;187;107772;37980,0;35,24
matriz_principal;C3;walk;0,3;referencia;4;5700,9;8507,55;221;107342;52842,0;49,23
matriz_principal;C3;walk;0,3;referencia;5;8520,39;28213,33;206;107136;69251,0;64,64
matriz_principal;C4;walk;0,3;referencia;1;1473,28;2940,99;168;107430;16210,9;15,09
matriz_principal;C4;walk;0,3;referencia;2;2941,08;4029,89;182;107531;1566,0;1,46
matriz_principal;C4;walk;0,3;referencia;3;4041,26;5692,01;187;107772;6075,0;5,64
matriz_principal;C4;walk;0,3;referencia;4;5700,9;8507,55;221;107342;21002,0;19,57
matriz_principal;C4;walk;0,3;referencia;5;8520,39;28213,33;206;107136;42159,0;39,35
matriz_principal;C5;drive;0,3;referencia;1;1473,28;2940,99;168;107430;59464,0;55,35
matriz_principal;C5;drive;0,3;referencia;2;2941,08;4029,89;182;107531;41126,0;38,25
matriz_principal;C5;drive;0,3;referencia;3;4041,26;5692,01;187;107772;58125,7;53,93
matriz_principal;C5;drive;0,3;referencia;4;5700,9;8507,55;221;107342;62714,0;58,42
matriz_principal;C5;drive;0,3;referencia;5;8520,39;28213,33;206;107136;75309,0;70,29
matriz_principal;C6;misto;0,3;referencia;1;1473,28;2940,99;168;107430;39265,0;36,55
matriz_principal;C6;misto;0,3;referencia;2;2941,08;4029,89;182;107531;33165,0;30,84
matriz_principal;C6;misto;0,3;referencia;3;4041,26;5692,01;187;107772;42392,8;39,34
matriz_principal;C6;misto;0,3;referencia;4;5700,9;8507,55;221;107342;39049,0;36,38
matriz_principal;C6;misto;0,3;referencia;5;8520,39;28213,33;206;107136;50712,0;47,33
sensibilidade_alpha_beta;C2;walk;0,0;conservador;1;1473,28;2940,99;168;107430;41204,0;38,35
sensibilidade_alpha_beta;C2;walk;0,0;conservador;2;2941,08;4029,89;182;107531;20262,8;18,84
sensibilidade_alpha_beta;C2;walk;0,0;conservador;3;4041,26;5692,01;187;107772;21787,0;20,22
sensibilidade_alpha_beta;C2;walk;0,0;conservador;4;5700,9;8507,55;221;107342;34376,0;32,02
sensibilidade_alpha_beta;C2;walk;0,0;conservador;5;8520,39;28213,33;206;107136;47765,0;44,58
sensibilidade_alpha_beta;C2;walk;0,0;referencia;1;1473,28;2940,99;168;107430;41204,0;38,35
sensibilidade_alpha_beta;C2;walk;0,0;referencia;2;2941,08;4029,89;182;107531;20262,8;18,84
sensibilidade_alpha_beta;C2;walk;0,0;referencia;3;4041,26;5692,01;187;107772;21787,0;20,22
sensibilidade_alpha_beta;C2;walk;0,0;referencia;4;5700,9;8507,55;221;107342;34376,0;32,02
sensibilidade_alpha_beta;C2;walk;0,0;referencia;5;8520,39;28213,33;206;107136;47765,0;44,58
sensibilidade_alpha_beta;C2;walk;0,0;otimista;1;1473,28;2940,99;168;107430;41204,0;38,35
sensibilidade_alpha_beta;C2;walk;0,0;otimista;2;2941,08;4029,89;182;107531;20262,8;18,84
sensibilidade_alpha_beta;C2;walk;0,0;otimista;3;4041,26;5692,01;187;107772;21787,0;20,22
sensibilidade_alpha_beta;C2;walk;0,0;otimista;4;5700,9;8507,55;221;107342;34376,0;32,02
sensibilidade_alpha_beta;C2;walk;0,0;otimista;5;8520,39;28213,33;206;107136;47765,0;44,58
sensibilidade_alpha_beta;C2;walk;0,3;conservador;1;1473,28;2940,99;168;107430;29184,8;27,17
sensibilidade_alpha_beta;C2;walk;0,3;conservador;2;2941,08;4029,89;182;107531;19753,0;18,37
sensibilidade_alpha_beta;C2;walk;0,3;conservador;3;4041,26;5692,01;187;107772;23937,0;22,21
sensibilidade_alpha_beta;C2;walk;0,3;conservador;4;5700,9;8507,55;221;107342;37555,0;34,99
sensibilidade_alpha_beta;C2;walk;0,3;conservador;5;8520,39;28213,33;206;107136;53057,0;49,52
sensibilidade_alpha_beta;C2;walk;0,3;referencia;1;1473,28;2940,99;168;107430;29184,8;27,17
sensibilidade_alpha_beta;C2;walk;0,3;referencia;2;2941,08;4029,89;182;107531;19753,0;18,37
sensibilidade_alpha_beta;C2;walk;0,3;referencia;3;4041,26;5692,01;187;107772;23937,0;22,21
sensibilidade_alpha_beta;C2;walk;0,3;referencia;4;5700,9;8507,55;221;107342;37555,0;34,99
sensibilidade_alpha_beta;C2;walk;0,3;referencia;5;8520,39;28213,33;206;107136;53057,0;49,52
sensibilidade_alpha_beta;C2;walk;0,3;otimista;1;1473,28;2940,99;168;107430;29184,8;27,17
sensibilidade_alpha_beta;C2;walk;0,3;otimista;2;2941,08;4029,89;182;107531;19753,0;18,37
sensibilidade_alpha_beta;C2;walk;0,3;otimista;3;4041,26;5692,01;187;107772;23937,0;22,21
sensibilidade_alpha_beta;C2;walk;0,3;otimista;4;5700,9;8507,55;221;107342;37555,0;34,99
sensibilidade_alpha_beta;C2;walk;0,3;otimista;5;8520,39;28213,33;206;107136;53057,0;49,52
sensibilidade_alpha_beta;C2;walk;0,6;conservador;1;1473,28;2940,99;168;107430;27827,0;25,9
sensibilidade_alpha_beta;C2;walk;0,6;conservador;2;2941,08;4029,89;182;107531;13364,0;12,43
sensibilidade_alpha_beta;C2;walk;0,6;conservador;3;4041,26;5692,01;187;107772;19725,0;18,3
sensibilidade_alpha_beta;C2;walk;0,6;conservador;4;5700,9;8507,55;221;107342;37802,0;35,22
sensibilidade_alpha_beta;C2;walk;0,6;conservador;5;8520,39;28213,33;206;107136;59888,9;55,9
sensibilidade_alpha_beta;C2;walk;0,6;referencia;1;1473,28;2940,99;168;107430;27827,0;25,9
sensibilidade_alpha_beta;C2;walk;0,6;referencia;2;2941,08;4029,89;182;107531;13364,0;12,43
sensibilidade_alpha_beta;C2;walk;0,6;referencia;3;4041,26;5692,01;187;107772;19725,0;18,3
sensibilidade_alpha_beta;C2;walk;0,6;referencia;4;5700,9;8507,55;221;107342;37802,0;35,22
sensibilidade_alpha_beta;C2;walk;0,6;referencia;5;8520,39;28213,33;206;107136;59888,9;55,9
sensibilidade_alpha_beta;C2;walk;0,6;otimista;1;1473,28;2940,99;168;107430;27827,0;25,9
sensibilidade_alpha_beta;C2;walk;0,6;otimista;2;2941,08;4029,89;182;107531;13364,0;12,43
sensibilidade_alpha_beta;C2;walk;0,6;otimista;3;4041,26;5692,01;187;107772;19725,0;18,3
sensibilidade_alpha_beta;C2;walk;0,6;otimista;4;5700,9;8507,55;221;107342;37802,0;35,22
sensibilidade_alpha_beta;C2;walk;0,6;otimista;5;8520,39;28213,33;206;107136;59888,9;55,9
equidade_beta0;C1;walk;0,0;referencia;1;1473,28;2940,99;168;107430;25265,9;23,52
equidade_beta0;C1;walk;0,0;referencia;2;2941,08;4029,89;182;107531;7580,0;7,05
equidade_beta0;C1;walk;0,0;referencia;3;4041,26;5692,01;187;107772;11293,0;10,48
equidade_beta0;C1;walk;0,0;referencia;4;5700,9;8507,55;221;107342;21368,0;19,91
equidade_beta0;C1;walk;0,0;referencia;5;8520,39;28213,33;206;107136;33351,0;31,13
equidade_beta0;C3;walk;0,0;referencia;1;1473,28;2940,99;168;107430;63126,0;58,76
equidade_beta0;C3;walk;0,0;referencia;2;2941,08;4029,89;182;107531;38533,7;35,84
equidade_beta0;C3;walk;0,0;referencia;3;4041,26;5692,01;187;107772;34769,0;32,26
equidade_beta0;C3;walk;0,0;referencia;4;5700,9;8507,55;221;107342;51372,0;47,86
equidade_beta0;C3;walk;0,0;referencia;5;8520,39;28213,33;206;107136;64778,0;60,46
equidade_beta0;C4;walk;0,0;referencia;1;1473,28;2940,99;168;107430;19421,9;18,08
equidade_beta0;C4;walk;0,0;referencia;2;2941,08;4029,89;182;107531;7008,0;6,52
equidade_beta0;C4;walk;0,0;referencia;3;4041,26;5692,01;187;107772;7158,0;6,64
equidade_beta0;C4;walk;0,0;referencia;4;5700,9;8507,55;221;107342;17408,0;16,22
equidade_beta0;C4;walk;0,0;referencia;5;8520,39;28213,33;206;107136;37530,0;35,03
equidade_beta0;C5;drive;0,0;referencia;1;1473,28;2940,99;168;107430;70271,7;65,41
equidade_beta0;C5;drive;0,0;referencia;2;2941,08;4029,89;182;107531;40280,0;37,46
equidade_beta0;C5;drive;0,0;referencia;3;4041,26;5692,01;187;107772;53408,0;49,56
equidade_beta0;C5;drive;0,0;referencia;4;5700,9;8507,55;221;107342;60785,0;56,63
equidade_beta0;C5;drive;0,0;referencia;5;8520,39;28213,33;206;107136;73541,0;68,64
equidade_beta0;C6;misto;0,0;referencia;1;1473,28;2940,99;168;107430;48593,8;45,23
equidade_beta0;C6;misto;0,0;referencia;2;2941,08;4029,89;182;107531;39469,0;36,7
equidade_beta0;C6;misto;0,0;referencia;3;4041,26;5692,01;187;107772;42552,0;39,48
equidade_beta0;C6;misto;0,0;referencia;4;5700,9;8507,55;221;107342;37273,0;34,72
equidade_beta0;C6;misto;0,0;referencia;5;8520,39;28213,33;206;107136;40026,0;37,36
