cenario;metrica;p;ordem_pesos;escore_postal;caso_base;n_agencias_postais;agencias_postais;pontos_que_mudam;jaccard;aj_medio_selecionados;dist_media_ponderada_m;delta_dist_media_m;Z1;Z1_no_estagio2;Z2;estagio1;status_e2;folga_cobertura_usada;folga_cobertura_permitida;gap_relativo_exigido;tempo_s;solver;conjunto
C2;walk;20;A;0,2;False;0;;0;1,0;0,7101;540,52;0,0;511,5391;511,538588;389975,683;reaproveitado;Optimal;0,0005115580320307345;0,0005115391000147097;0,0;4,3;CBC via PuLP 2.8.0;31,34,41,48,81,98,127,172,281,321,349,448,496,530,544,606,610,611,625,628
C2;walk;20;A;0,3;False;0;;0;1,0;0,7101;540,52;0,0;511,5391;511,538588;389975,683;reaproveitado;Optimal;0,0005115580320307345;0,0005115391000147097;0,0;3,97;CBC via PuLP 2.8.0;31,34,41,48,81,98,127,172,281,321,349,448,496,530,544,606,610,611,625,628
C2;walk;20;A;0,45;False;0;;0;1,0;0,7101;540,52;0,0;511,5391;511,538588;389975,683;reaproveitado;Optimal;0,0005115580320307345;0,0005115391000147097;0,0;4,15;CBC via PuLP 2.8.0;31,34,41,48,81,98,127,172,281,321,349,448,496,530,544,606,610,611,625,628
C2;walk;20;A;0,6;False;0;;0;1,0;0,7101;540,52;0,0;511,5391;511,538588;389975,683;reaproveitado;Optimal;0,0005115580320307345;0,0005115391000147097;0,0;4,25;CBC via PuLP 2.8.0;31,34,41,48,81,98,127,172,281,321,349,448,496,530,544,606,610,611,625,628
C2;walk;20;A;0,7;False;0;;0;1,0;0,7101;540,52;0,0;511,5391;511,538588;389975,683;reaproveitado;Optimal;0,0005115580320307345;0,0005115391000147097;0,0;3,79;CBC via PuLP 2.8.0;31,34,41,48,81,98,127,172,281,321,349,448,496,530,544,606,610,611,625,628
C2;walk;20;A;0,8323;True;0;;0;1,0;0,7101;540,52;0,0;511,5391;511,538588;389975,683;Optimal;Optimal;0,0005115580320307345;0,0005115391000147097;0,0;4,81;CBC via PuLP 2.8.0;31,34,41,48,81,98,127,172,281,321,349,448,496,530,544,606,610,611,625,628
C2;walk;20;A;1,0;False;0;;0;1,0;0,7101;540,52;0,0;511,5391;511,538588;389975,683;reaproveitado;Optimal;0,0005115580320307345;0,0005115391000147097;0,0;4,41;CBC via PuLP 2.8.0;31,34,41,48,81,98,127,172,281,321,349,448,496,530,544,606,610,611,625,628
C2;walk;20;B;0,2;False;0;;0;1,0;0,6392;540,52;0,0;511,5391;511,538588;449191,5613;reaproveitado;Optimal;0,0005115580320307345;0,0005115391000147097;0,0;4,26;CBC via PuLP 2.8.0;31,34,41,48,81,98,127,172,281,321,349,448,496,530,544,606,610,611,625,628
C2;walk;20;B;0,3;False;0;;0;1,0;0,6392;540,52;0,0;511,5391;511,538588;449191,5613;reaproveitado;Optimal;0,0005115580320307345;0,0005115391000147097;0,0;3,93;CBC via PuLP 2.8.0;31,34,41,48,81,98,127,172,281,321,349,448,496,530,544,606,610,611,625,628
C2;walk;20;B;0,45;False;0;;0;1,0;0,6392;540,52;0,0;511,5391;511,538588;449191,5613;reaproveitado;Optimal;0,0005115580320307345;0,0005115391000147097;0,0;3,77;CBC via PuLP 2.8.0;31,34,41,48,81,98,127,172,281,321,349,448,496,530,544,606,610,611,625,628
C2;walk;20;B;0,6;False;0;;0;1,0;0,6392;540,52;0,0;511,5391;511,538588;449191,5613;reaproveitado;Optimal;0,0005115580320307345;0,0005115391000147097;0,0;4,58;CBC via PuLP 2.8.0;31,34,41,48,81,98,127,172,281,321,349,448,496,530,544,606,610,611,625,628
C2;walk;20;B;0,7;False;0;;0;1,0;0,6392;540,52;0,0;511,5391;511,538588;449191,5613;reaproveitado;Optimal;0,0005115580320307345;0,0005115391000147097;0,0;4,16;CBC via PuLP 2.8.0;31,34,41,48,81,98,127,172,281,321,349,448,496,530,544,606,610,611,625,628
C2;walk;20;B;0,8323;False;0;;0;1,0;0,6392;540,52;0,0;511,5391;511,538588;449191,5613;reaproveitado;Optimal;0,0005115580320307345;0,0005115391000147097;0,0;4,89;CBC via PuLP 2.8.0;31,34,41,48,81,98,127,172,281,321,349,448,496,530,544,606,610,611,625,628
C2;walk;20;B;1,0;False;0;;0;1,0;0,6392;540,52;0,0;511,5391;511,538588;449191,5613;reaproveitado;Optimal;0,0005115580320307345;0,0005115391000147097;0,0;4,28;CBC via PuLP 2.8.0;31,34,41,48,81,98,127,172,281,321,349,448,496,530,544,606,610,611,625,628
C4;walk;20;A;0,2;False;1;AGF CORREIOS [Centro];0;1,0;0,6973;362,66;0,04;288,6722;288,671911;152053,6002;reaproveitado;Optimal;0,00028868866195352894;0,00028867220000830095;0,0;0,76;CBC via PuLP 2.8.0;15,18,98,104,120,160,176,191,283,306,380,420,436,462,491,525,624,625,689,793
C4;walk;20;A;0,3;False;1;AGF CORREIOS [Centro];0;1,0;0,6976;362,66;0,04;288,6722;288,671911;152002,3696;reaproveitado;Optimal;0,00028868866195352894;0,00028867220000830095;0,0;0,76;CBC via PuLP 2.8.0;15,18,98,104,120,160,176,191,283,306,380,420,436,462,491,525,624,625,689,793
C4;walk;20;A;0,45;False;1;AGF CORREIOS [Centro];0;1,0;0,6981;362,62;0,0;288,6722;288,671911;151924,4121;reaproveitado;Optimal;0,00028868866195352894;0,00028867220000830095;0,0;0,78;CBC via PuLP 2.8.0;15,18,98,104,120,160,176,191,283,306,380,420,436,462,491,525,624,625,689,793
C4;walk;20;A;0,6;False;1;AGF CORREIOS [Centro];0;1,0;0,6985;362,62;0,0;288,6722;288,671911;151846,4704;reaproveitado;Optimal;0,00028868866195352894;0,00028867220000830095;0,0;0,81;CBC via PuLP 2.8.0;15,18,98,104,120,160,176,191,283,306,380,420,436,462,491,525,624,625,689,793
C4;walk;20;A;0,7;False;1;AGF CORREIOS [Centro];0;1,0;0,6988;362,62;0,0;288,6722;288,671911;151795,4606;reaproveitado;Optimal;0,00028868866195352894;0,00028867220000830095;0,0;0,74;CBC via PuLP 2.8.0;15,18,98,104,120,160,176,191,283,306,380,420,436,462,491,525,624,625,689,793
C4;walk;20;A;0,8323;True;1;AGF CORREIOS [Centro];0;1,0;0,6993;362,62;0,0;288,6722;288,671911;151729,1326;Optimal;Optimal;0,00028868866195352894;0,00028867220000830095;0,0;1,03;CBC via PuLP 2.8.0;15,18,98,104,120,160,176,191,283,306,380,420,436,462,491,525,624,625,689,793
C4;walk;20;A;1,0;False;1;AGF CORREIOS [Centro];0;1,0;0,6998;362,62;0,0;288,6722;288,671911;151646,8178;reaproveitado;Optimal;0,00028868866195352894;0,00028867220000830095;0,0;0,77;CBC via PuLP 2.8.0;15,18,98,104,120,160,176,191,283,306,380,420,436,462,491,525,624,625,689,793
C4;walk;20;B;0,2;False;1;AGF CORREIOS [Centro];0;1,0;0,5967;362,28;-0,34;288,6722;288,671911;182152,0915;reaproveitado;Optimal;0,00028868866195352894;0,00028867220000830095;0,0;0,87;CBC via PuLP 2.8.0;15,18,98,104,120,160,176,191,283,306,380,420,436,462,491,525,624,625,689,793
C4;walk;20;B;0,3;False;1;AGF CORREIOS [Centro];0;1,0;0,5993;362,28;-0,34;288,6722;288,671911;181200,5551;reaproveitado;Optimal;0,00028868866195352894;0,00028867220000830095;0,0;0,85;CBC via PuLP 2.8.0;15,18,98,104,120,160,176,191,283,306,380,420,436,462,491,525,624,625,689,793
C4;walk;20;B;0,45;False;1;AGF CORREIOS [Centro];0;1,0;0,6033;362,28;-0,34;288,6722;288,671911;180055,878;reaproveitado;Optimal;0,00028868866195352894;0,00028867220000830095;0,0;0,88;CBC via PuLP 2.8.0;15,18,98,104,120,160,176,191,283,306,380,420,436,462,491,525,624,625,689,793
C4;walk;20;B;0,6;False;1;AGF CORREIOS [Centro];0;1,0;0,6072;362,28;-0,34;288,6722;288,671911;179154,3128;reaproveitado;Optimal;0,00028868866195352894;0,00028867220000830095;0,0;0,82;CBC via PuLP 2.8.0;15,18,98,104,120,160,176,191,283,306,380,420,436,462,491,525,624,625,689,793
C4;walk;20;B;0,7;False;1;AGF CORREIOS [Centro];0;1,0;0,6098;362,23;-0,39;288,6722;288,671911;178636,0401;reaproveitado;Optimal;0,00028868866195352894;0,00028867220000830095;0,0;0,81;CBC via PuLP 2.8.0;15,18,98,104,120,160,176,191,283,306,380,420,436,462,491,525,624,625,689,793
C4;walk;20;B;0,8323;False;1;AGF CORREIOS [Centro];0;1,0;0,6132;362,23;-0,39;288,6722;288,671911;178033,7591;reaproveitado;Optimal;0,00028868866195352894;0,00028867220000830095;0,0;0,78;CBC via PuLP 2.8.0;15,18,98,104,120,160,176,191,283,306,380,420,436,462,491,525,624,625,689,793
C4;walk;20;B;1,0;False;2;AGF CORREIOS BEIRAMAR [Centro] | AGF CORREIOS [Centro];1;0,9048;0,6227;362,8;0,19;288,6722;288,671911;176497,5272;reaproveitado;Optimal;0,00028868866195352894;0,00028867220000830095;0,0;0,83;CBC via PuLP 2.8.0;15,18,98,103,104,120,176,191,283,306,380,420,436,462,491,525,624,625,689,793
C5;drive;20;A;0,2;False;0;;0;1,0;0,6857;942,03;0,0;899,617;899,6161;1231978,813;reaproveitado;Optimal;0,0008996139679311455;0,0008996170000258691;0,0;21,95;CBC via PuLP 2.8.0;0,9,34,64,67,119,195,205,220,240,283,287,306,342,487,525,579,643,739,838
C5;drive;20;A;0,3;False;0;;0;1,0;0,6857;942,03;0,0;899,617;899,6161;1231978,813;reaproveitado;Optimal;0,0008996139679311455;0,0008996170000258691;0,0;21,78;CBC via PuLP 2.8.0;0,9,34,64,67,119,195,205,220,240,283,287,306,342,487,525,579,643,739,838
C5;drive;20;A;0,45;False;0;;0;1,0;0,6857;942,03;0,0;899,617;899,6161;1231978,813;reaproveitado;Optimal;0,0008996139679311455;0,0008996170000258691;0,0;20,57;CBC via PuLP 2.8.0;0,9,34,64,67,119,195,205,220,240,283,287,306,342,487,525,579,643,739,838
C5;drive;20;A;0,6;False;0;;0;1,0;0,6857;942,03;0,0;899,617;899,6161;1231978,813;reaproveitado;Optimal;0,0008996139679311455;0,0008996170000258691;0,0;29,49;CBC via PuLP 2.8.0;0,9,34,64,67,119,195,205,220,240,283,287,306,342,487,525,579,643,739,838
C5;drive;20;A;0,7;False;0;;0;1,0;0,6857;942,03;0,0;899,617;899,6161;1231978,813;reaproveitado;Optimal;0,0008996139679311455;0,0008996170000258691;0,0;24,67;CBC via PuLP 2.8.0;0,9,34,64,67,119,195,205,220,240,283,287,306,342,487,525,579,643,739,838
C5;drive;20;A;0,8323;True;0;;0;1,0;0,6857;942,03;0,0;899,617;899,6161;1231978,813;Optimal;Optimal;0,0008996139679311455;0,0008996170000258691;0,0;28,4;CBC via PuLP 2.8.0;0,9,34,64,67,119,195,205,220,240,283,287,306,342,487,525,579,643,739,838
C5;drive;20;A;1,0;False;0;;0;1,0;0,6857;942,03;0,0;899,617;899,6161;1231978,813;reaproveitado;Optimal;0,0008996139679311455;0,0008996170000258691;0,0;25,66;CBC via PuLP 2.8.0;0,9,34,64,67,119,195,205,220,240,283,287,306,342,487,525,579,643,739,838
C5;drive;20;B;0,2;False;0;;0;1,0;0,6543;943,89;1,86;899,617;899,6161;1360171,9962;reaproveitado;Optimal;0,0008996139679311455;0,0008996170000258691;0,0;26,09;CBC via PuLP 2.8.0;0,9,34,64,67,119,195,205,220,240,283,287,306,342,487,525,579,643,739,838
C5;drive;20;B;0,3;False;0;;0;1,0;0,6543;943,89;1,86;899,617;899,6161;1360171,9962;reaproveitado;Optimal;0,0008996139679311455;0,0008996170000258691;0,0;21,36;CBC via PuLP 2.8.0;0,9,34,64,67,119,195,205,220,240,283,287,306,342,487,525,579,643,739,838
C5;drive;20;B;0,45;False;0;;0;1,0;0,6543;943,89;1,86;899,617;899,6161;1360171,9962;reaproveitado;Optimal;0,0008996139679311455;0,0008996170000258691;0,0;26,34;CBC via PuLP 2.8.0;0,9,34,64,67,119,195,205,220,240,283,287,306,342,487,525,579,643,739,838
C5;drive;20;B;0,6;False;0;;0;1,0;0,6543;943,89;1,86;899,617;899,6161;1360171,9962;reaproveitado;Optimal;0,0008996139679311455;0,0008996170000258691;0,0;23,14;CBC via PuLP 2.8.0;0,9,34,64,67,119,195,205,220,240,283,287,306,342,487,525,579,643,739,838
C5;drive;20;B;0,7;False;0;;0;1,0;0,6543;943,89;1,86;899,617;899,6161;1360171,9962;reaproveitado;Optimal;0,0008996139679311455;0,0008996170000258691;0,0;19,58;CBC via PuLP 2.8.0;0,9,34,64,67,119,195,205,220,240,283,287,306,342,487,525,579,643,739,838
C5;drive;20;B;0,8323;False;0;;0;1,0;0,6543;943,89;1,86;899,617;899,6161;1360171,9962;reaproveitado;Optimal;0,0008996139679311455;0,0008996170000258691;0,0;20,0;CBC via PuLP 2.8.0;0,9,34,64,67,119,195,205,220,240,283,287,306,342,487,525,579,643,739,838
C5;drive;20;B;1,0;False;0;;0;1,0;0,6543;943,89;1,86;899,617;899,6161;1360171,9962;reaproveitado;Optimal;0,0008996139679311455;0,0008996170000258691;0,0;21,53;CBC via PuLP 2.8.0;0,9,34,64,67,119,195,205,220,240,283,287,306,342,487,525,579,643,739,838
C6;misto;20;A;0,2;False;0;;0;1,0;0,692;754,69;0,0;619,1928;619,192181;682442,6658;reaproveitado;Optimal;0,0006191942479745194;0,0006191928000178053;0,0;5,51;CBC via PuLP 2.8.0;9,31,34,48,51,119,195,205,220,281,286,448,544,599,611,625,628,643,739,838
C6;misto;20;A;0,3;False;0;;0;1,0;0,692;754,69;0,0;619,1928;619,192181;682442,6658;reaproveitado;Optimal;0,0006191942479745194;0,0006191928000178053;0,0;5,51;CBC via PuLP 2.8.0;9,31,34,48,51,119,195,205,220,281,286,448,544,599,611,625,628,643,739,838
C6;misto;20;A;0,45;False;0;;0;1,0;0,692;754,69;0,0;619,1928;619,192181;682442,6658;reaproveitado;Optimal;0,0006191942479745194;0,0006191928000178053;0,0;5,57;CBC via PuLP 2.8.0;9,31,34,48,51,119,195,205,220,281,286,448,544,599,611,625,628,643,739,838
C6;misto;20;A;0,6;False;0;;0;1,0;0,692;754,69;0,0;619,1928;619,192181;682442,6658;reaproveitado;Optimal;0,0006191942479745194;0,0006191928000178053;0,0;5,4;CBC via PuLP 2.8.0;9,31,34,48,51,119,195,205,220,281,286,448,544,599,611,625,628,643,739,838
C6;misto;20;A;0,7;False;0;;0;1,0;0,692;754,69;0,0;619,1928;619,192181;682442,6658;reaproveitado;Optimal;0,0006191942479745194;0,0006191928000178053;0,0;5,41;CBC via PuLP 2.8.0;9,31,34,48,51,119,195,205,220,281,286,448,544,599,611,625,628,643,739,838
C6;misto;20;A;0,8323;True;0;;0;1,0;0,692;754,69;0,0;619,1928;619,192181;682442,6658;Optimal;Optimal;0,0006191942479745194;0,0006191928000178053;0,0;6,24;CBC via PuLP 2.8.0;9,31,34,48,51,119,195,205,220,281,286,448,544,599,611,625,628,643,739,838
C6;misto;20;A;1,0;False;0;;0;1,0;0,692;754,69;0,0;619,1928;619,192181;682442,6658;reaproveitado;Optimal;0,0006191942479745194;0,0006191928000178053;0,0;5,77;CBC via PuLP 2.8.0;9,31,34,48,51,119,195,205,220,281,286,448,544,599,611,625,628,643,739,838
C6;misto;20;B;0,2;False;0;;0;1,0;0,6296;754,75;0,06;619,1928;619,192181;770633,7598;reaproveitado;Optimal;0,0006191942479745194;0,0006191928000178053;0,0;4,97;CBC via PuLP 2.8.0;9,31,34,48,51,119,195,205,220,281,286,448,544,599,611,625,628,643,739,838
C6;misto;20;B;0,3;False;0;;0;1,0;0,6296;754,75;0,06;619,1928;619,192181;770633,7598;reaproveitado;Optimal;0,0006191942479745194;0,0006191928000178053;0,0;5,55;CBC via PuLP 2.8.0;9,31,34,48,51,119,195,205,220,281,286,448,544,599,611,625,628,643,739,838
C6;misto;20;B;0,45;False;0;;0;1,0;0,6296;754,75;0,06;619,1928;619,192181;770633,7598;reaproveitado;Optimal;0,0006191942479745194;0,0006191928000178053;0,0;6,18;CBC via PuLP 2.8.0;9,31,34,48,51,119,195,205,220,281,286,448,544,599,611,625,628,643,739,838
C6;misto;20;B;0,6;False;0;;0;1,0;0,6296;754,75;0,06;619,1928;619,192181;770633,7598;reaproveitado;Optimal;0,0006191942479745194;0,0006191928000178053;0,0;5,29;CBC via PuLP 2.8.0;9,31,34,48,51,119,195,205,220,281,286,448,544,599,611,625,628,643,739,838
C6;misto;20;B;0,7;False;0;;0;1,0;0,6296;754,75;0,06;619,1928;619,192181;770633,7598;reaproveitado;Optimal;0,0006191942479745194;0,0006191928000178053;0,0;5,46;CBC via PuLP 2.8.0;9,31,34,48,51,119,195,205,220,281,286,448,544,599,611,625,628,643,739,838
C6;misto;20;B;0,8323;False;0;;0;1,0;0,6296;754,75;0,06;619,1928;619,192181;770633,7598;reaproveitado;Optimal;0,0006191942479745194;0,0006191928000178053;0,0;5,58;CBC via PuLP 2.8.0;9,31,34,48,51,119,195,205,220,281,286,448,544,599,611,625,628,643,739,838
C6;misto;20;B;1,0;False;0;;0;1,0;0,6296;754,75;0,06;619,1928;619,192181;770633,7598;reaproveitado;Optimal;0,0006191942479745194;0,0006191928000178053;0,0;5,87;CBC via PuLP 2.8.0;9,31,34,48,51,119,195,205,220,281,286,448,544,599,611,625,628,643,739,838
