cenario;beta;alpha;demanda_total;Z1;Z2;cobertura_pct_municipio;dist_media_ponderada_m;conjunto;alpha_invariante
C2;0,0;conservador;674,349;207,6167;175104,23;30,788;548,3;31,34,41,64,81,172,281,306,349,388,448,496,527,530,599,606,611,625,628,791;True
C2;0,0;referencia;1591,399;489,9548;413228,37;30,788;548,3;31,34,41,64,81,172,281,306,349,388,448,496,527,530,599,606,611,625,628,791;True
C2;0,0;otimista;2927,373;901,2709;760132,94;30,788;548,3;31,34,41,64,81,172,281,306,349,388,448,496,527,530,599,606,611,625,628,791;True
C2;0,3;conservador;674,35;216,7633;165251,09;32,144;540,5;31,34,41,48,81,98,127,172,281,321,349,448,496,530,544,606,610,611,625,628;True
C2;0,3;referencia;1591,4;511,5391;389975,75;32,144;540,5;31,34,41,48,81,98,127,172,281,321,349,448,496,530,544,606,610,611,625,628;True
C2;0,3;otimista;2927,375;940,9752;717359,7;32,144;540,5;31,34,41,48,81,98,127,172,281,321,349,448,496,530,544,606,610,611,625,628;True
C2;0,6;conservador;673,708;231,9524;180462,48;34,429;545,6;31,34,41,48,98,127,172,223,281,380,382,448,496,530,544,568,606,625,628,803;True
C2;0,6;referencia;1589,888;547,3836;425872,92;34,429;545,6;31,34,41,48,98,127,172,223,281,380,382,448,496,530,544,568,606,625,628,803;True
C2;0,6;otimista;2924,594;1006,9111;783392,46;34,429;545,6;31,34,41,48,98,127,172,223,281,380,382,448,496,530,544,568,606,625,628,803;True
