CD_BAIRRO;NM_BAIRRO;REGIAO_FUNCIONAL;POP;RENDA_MEDIA;tau_beta0;tau_beta03;tau_beta06;h_beta0_conservador;h_beta0_referencia;h_beta0_otimista;h_beta03_conservador;h_beta03_referencia;h_beta03_otimista;h_beta06_conservador;h_beta06_referencia;h_beta06_otimista
4205407001;Centro;Centro/Sede;42308;10773,71;0,463855;0,563635;0,673119;53,1083;125,3305;230,5451;64,5324;152,2904;280,1377;77,0676;181,8723;334,5534
4205407002;Agronômica;Centro/Sede;18680;8620,8;0,463855;0,527172;0,588845;23,4486;55,3365;101,7912;26,6494;62,89;115,6859;29,767;70,2474;129,2198
4205407005;João Paulo;Centro/Sede;6034;9837,45;0,463855;0,54847;0,637385;7,5743;17,8747;32,8805;8,956;21,1354;38,8785;10,4079;24,5618;45,1813
4205407006;Saco Grande;Centro/Sede;9875;4010,43;0,463855;0,419031;0,372038;12,3959;29,2531;53,8109;11,198;26,4262;48,6109;9,9422;23,4626;43,1594
4205407009;Córrego Grande;Centro/Sede;12855;8985,36;0,463855;0,533764;0,603662;16,1366;38,0808;70,0496;18,5686;43,8201;80,6069;21,0002;49,5585;91,1627
4205407010;Pantanal;Centro/Sede;7648;5408,54;0,463855;0,458366;0,445165;9,6004;22,656;41,6755;9,4868;22,3879;41,1824;9,2135;21,7431;39,9963
4205407011;Costeira do Pirajubaé;Centro/Sede;10833;3072,76;0,463855;0,386854;0,317095;13,5984;32,091;59,0313;11,341;26,7638;49,2319;9,296;21,9377;40,3543
4205407012;José Mendes;Centro/Sede;3492;3472,64;0,463855;0,401316;0,341247;4,3834;10,3445;19,0286;3,7924;8,9498;16,4631;3,2248;7,6102;13,9989
4205407016;Santa Mônica;Centro/Sede;1374;10187,16;0,463855;0,554248;0,650886;1,7248;4,0703;7,4872;2,0609;4,8634;8,9463;2,4202;5,7114;10,5061
4205407018;Estreito;Continente;9290;7685,12;0,463855;0,509311;0,54962;11,6615;27,5201;50,6231;12,8043;30,217;55,5841;13,8177;32,6085;59,9832
4205407020;Coqueiros;Continente;13396;7618,1;0,463855;0,507975;0,54674;16,8157;39,6835;72,9976;18,4151;43,458;79,9408;19,8205;46,7744;86,0413
4205407022;Itaguaçu;Continente;1761;9964,72;0,463855;0,550589;0,64232;2,2105;5,2167;9,5961;2,6239;6,1921;11,3904;3,061;7,2238;13,2881
4205407023;Abraão;Continente;7717;7043,88;0,463855;0,496172;0,521627;9,687;22,8604;42,0515;10,3619;24,453;44,9813;10,8935;25,7075;47,2889
4205407026;Jardim Atlântico;Continente;12773;5811,16;0,463855;0,468346;0,464762;16,0337;37,8379;69,6027;16,1889;38,2043;70,2767;16,065;37,9119;69,7388
4205407027;Balneário;Continente;5674;7688,08;0,463855;0,50937;0,549748;7,1224;16,8083;30,9188;7,8213;18,4576;33,9527;8,4413;19,9207;36,6441
4205407028;Canto;Continente;6509;7753,33;0,463855;0,510663;0,552543;8,1706;19,2819;35,4689;8,9951;21,2276;39,0481;9,7328;22,9685;42,2504
4205407029;Capoeiras;Continente;18823;4956,37;0,463855;0,446516;0,422446;23,6281;55,7601;102,5704;22,7449;53,6758;98,7364;21,5188;50,7823;93,4138
4205407030;Monte Cristo;Continente;11219;2092,04;0,463855;0,344714;0,251776;14,083;33,2345;61,1347;10,4658;24,6982;45,4323;7,6441;18,0393;33,1833
4205407031;Coloninha;Continente;4517;4971,3;0,463855;0,446919;0,423209;5,6701;13,3809;24,6141;5,4631;12,8923;23,7154;5,1732;12,2084;22,4572
4205407083;Saco dos Limões;Centro/Sede;17830;4677,34;0,463855;0,438821;0,408011;22,3816;52,8185;97,1594;21,1737;49,9679;91,9159;19,6871;46,4596;85,4623
4205407086;Trindade;Centro/Sede;22250;6635,42;0,463855;0,487359;0,503262;27,9299;65,912;121,2449;29,3452;69,2518;127,3885;30,3027;71,5115;131,5452
4205407087;Itacorubi;Centro/Sede;23593;8852,52;0,463855;0,531384;0,598292;29,6158;69,8904;128,5632;33,9273;80,0652;147,2797;38,1992;90,1464;165,824
4205407088;Monte Verde;Centro/Sede;7539;3475,12;0,463855;0,401402;0,341393;9,4635;22,3331;41,0816;8,1894;19,3261;35,5504;6,9651;16,4369;30,2356
4205407089;Bom Abrigo;Continente;1339;8575,56;0,463855;0,526341;0,586989;1,6808;3,9666;7,2965;1,9072;4,5009;8,2794;2,127;5,0195;9,2334
4205407090;Cachoeira do Bom Jesus;Norte;4270;4564,74;0,463855;0,435625;0,402089;5,36;12,6492;23,2681;5,0338;11,8794;21,8521;4,6463;10,9648;20,1698
4205407091;Vargem Grande;Norte;5466;3498,5;0,463855;0,40221;0,342769;6,8613;16,1921;29,7854;5,9495;14,0402;25,827;5,0702;11,9653;22,0101
4205407092;Vargem do Bom Jesus;Norte;7042;2984,65;0,463855;0,383492;0,311608;8,8397;20,8608;38,3733;7,3082;17,2466;31,7251;5,9383;14,0138;25,7784
4205407093;Jurerê;Norte;1490;3940,73;0,463855;0,416832;0,368145;1,8704;4,4139;8,1193;1,6808;3,9664;7,2962;1,4844;3,5031;6,444
4205407094;Canto do Lamim;Norte;375;3532,17;0,463855;0,403367;0,344745;0,4707;1,1109;2,0435;0,4093;0,966;1,777;0,3499;0,8256;1,5187
4205407095;Vargem de Fora;Norte;2428;2202,45;0,463855;0,350074;0,259667;3,0478;7,1926;13,2307;2,3002;5,4283;9,9853;1,7062;4,0264;7,4065
4205407096;Vargem Pequena;Norte;2494;3994,35;0,463855;0,418526;0,371142;3,1307;7,3881;13,5903;2,8247;6,6661;12,2622;2,5049;5,9114;10,874
4205407097;Recanto dos Açores;Norte;959;4635,29;0,463855;0,437634;0,405806;1,2038;2,8409;5,2258;1,1358;2,6803;4,9304;1,0532;2,4854;4,5718
4205407098;Rio Vermelho;Leste;30951;3143,98;0,463855;0,389522;0,321485;38,8521;91,6873;168,6584;32,6261;76,9944;141,6309;26,9273;63,5459;116,8924
4205407099;Rio Tavares do Norte;Sul;2999;6765,76;0,463855;0,490211;0,50917;3,7646;8,884;16,3422;3,9785;9,3888;17,2707;4,1323;9,7519;17,9387
4205407100;Lagoa Pequena;Sul;3183;9183,55;0,463855;0,537269;0,611616;3,9955;9,4291;17,3448;4,6279;10,9215;20,09;5,2683;12,4328;22,87
4205407101;Rio Tavares Central;Sul;6556;4734,24;0,463855;0,440416;0,410982;8,2296;19,4211;35,725;7,8138;18,4397;33,9198;7,2915;17,2074;31,6529
4205407102;Campeche Central;Sul;7265;5262,45;0,463855;0,454616;0,437911;9,1196;21,5214;39,5885;8,938;21,0927;38,8;8,6095;20,3177;37,3742
4205407103;Campeche Leste;Sul;6065;6310,06;0,463855;0,480063;0,488307;7,6133;17,9666;33,0494;7,8793;18,5944;34,2043;8,0146;18,9137;34,7916
4205407104;Autódromo;Sul;1312;6599,78;0,463855;0,486572;0,501638;1,6469;3,8866;7,1494;1,7276;4,0769;7,4995;1,7811;4,2032;7,7317
4205407105;Moenda;Sul;2588;5692,15;0,463855;0,465448;0,459027;3,2487;7,6665;14,1025;3,2598;7,6929;14,151;3,2148;7,5867;13,9558
4205407106;Ressacada;Sul;3893;5076,84;0,463855;0,449745;0,428577;4,8868;11,5324;21,2138;4,7381;11,1816;20,5685;4,5151;10,6553;19,6004
4205407107;Base Aérea;Sul;429;9191,77;0,463855;0,537413;0,611945;0,5385;1,2708;2,3377;0,6239;1,4724;2,7084;0,7104;1,6766;3,084
4205407109;Morro do Peralta;Sul;1178;2414,44;0,463855;0,35986;0,274387;1,4787;3,4896;6,4192;1,1472;2,7073;4,98;0,8747;2,0642;3,7972
4205407110;Barra da Lagoa;Leste;6340;3833,35;0,463855;0,413392;0,362093;7,9585;18,7812;34,548;7,0927;16,738;30,7895;6,2125;14,6609;26,9687
4205407111;Praia Brava;Norte;298;9733,35;0,463855;0,546723;0,63333;0,3741;0,8828;1,6239;0,4409;1,0405;1,914;0,5107;1,2053;2,2172
4205407112;Ponta das Canas;Norte;4402;4304,8;0,463855;0,42803;0,38819;5,5257;13,0402;23,9874;5,099;12,0331;22,1348;4,6244;10,9131;20,0745
4205407113;Lagoinha do Norte;Norte;579;3672,52;0,463855;0,40811;0,3529;0,7268;1,7152;3,1551;0,6395;1,5091;2,7759;0,553;1,3049;2,4004
4205407114;Cachoeira do Bom Jesus Leste;Norte;5041;5569,43;0,463855;0,462414;0,453063;6,3279;14,9331;27,4695;6,3082;14,8868;27,3842;6,1806;14,5857;26,8304
4205407115;Campeche Norte;Sul;5082;8385,87;0,463855;0,522821;0,579164;6,3793;15,0546;27,6929;7,1903;16,9684;31,2132;7,9651;18,797;34,577
4205407116;Morro das Pedras;Sul;3226;5272,69;0,463855;0,454881;0,438422;4,0495;9,5565;17,5791;3,9712;9,3716;17,2391;3,8275;9,0325;16,6153
4205407117;Campeche Sul;Sul;7572;5295,54;0,463855;0,455472;0,439561;9,505;22,4308;41,2614;9,3332;22,0254;40,5157;9,0071;21,256;39,1004
4205407118;Pedrita;Sul;1066;3886,51;0,463855;0,415103;0,365097;1,3381;3,1579;5,8089;1,1975;2,826;5,1983;1,0532;2,4855;4,5721
4205407119;Canasvieiras;Norte;11983;5373,74;0,463855;0,457479;0,443444;15,042;35,4977;65,2979;14,8352;35,0098;64,4003;14,3801;33,9357;62,4246
4205407120;Jurere Leste;Norte;5234;9923,56;0,463855;0,549906;0,640727;6,5701;15,5049;28,5212;7,789;18,3812;33,8122;9,0754;21,417;39,3965
4205407121;Jurere Oeste;Norte;2603;17669,35;0,463855;0,653814;0,905743;3,2675;7,711;14,1843;4,6056;10,8688;19,9931;6,3802;15,0568;27,6969
4205407122;Forte;Norte;170;3933,63;0,463855;0,416607;0,367747;0,2134;0,5036;0,9264;0,1917;0,4523;0,832;0,1692;0,3993;0,7344
4205407123;Daniela;Norte;1088;8849,04;0,463855;0,531321;0,59815;1,3657;3,223;5,9287;1,5644;3,6918;6,7911;1,7612;4,1562;7,6452
4205407124;Ingleses Centro;Norte;8043;5244,63;0,463855;0,454153;0,43702;10,0962;23,8261;43,828;9,885;23,3278;42,9113;9,5121;22,4477;41,2925
4205407125;Ingleses Norte;Norte;2210;9247,64;0,463855;0,538391;0,614174;2,7742;6,5468;12,0427;3,2199;7,5987;13,9779;3,6732;8,6683;15,9454
4205407126;Ingleses Sul;Norte;4461;4385,46;0,463855;0,43042;0,392538;5,5998;13,215;24,3089;5,1962;12,2625;22,5567;4,7388;11,1832;20,5715
4205407127;Santinho;Norte;5009;4023,43;0,463855;0,419438;0,372761;6,2877;14,8383;27,2951;5,6856;13,4175;24,6814;5,0529;11,9243;21,9348
4205407128;Capivari;Norte;31599;3575,94;0,463855;0,404861;0,347302;39,6655;93,6069;172,1895;34,6208;81,7017;150,29;29,6987;70,0862;128,9234
4205407129;Lagoa;Leste;6209;6933,64;0,463855;0,493829;0,516713;7,794;18,3931;33,8341;8,2977;19,5817;36,0205;8,6822;20,4891;37,6897
4205407130;Canto dos Araçás;Leste;799;4988,67;0,463855;0,447387;0,424095;1,003;2,3669;4,3539;0,9674;2,2829;4,1993;0,917;2,164;3,9807
4205407131;Canto da Lagoa;Leste;1294;6370,59;0,463855;0,48144;0,491112;1,6243;3,8333;7,0513;1,6859;3,9786;7,3186;1,7198;4,0585;7,4656
4205407132;Porto da Lagoa;Leste;2833;8589,79;0,463855;0,526603;0,587573;3,5562;8,3923;15,4376;4,0373;9,5276;17,5259;4,5047;10,6307;19,5551
4205407133;Dunas da Lagoa;Leste;326;6993,27;0,463855;0,495099;0,519375;0,4092;0,9657;1,7764;0,4368;1,0308;1,8961;0,4582;1,0813;1,9891
4205407134;Retiro;Leste;1186;4570,75;0,463855;0,435797;0,402407;1,4888;3,5133;6,4628;1,3987;3,3008;6,0718;1,2915;3,0479;5,6066
4205407135;Praia Mole;Leste;232;8148,7;0,463855;0,51834;0,56928;0,2912;0,6873;1,2642;0,3254;0,768;1,4127;0,3574;0,8435;1,5515
4205407136;Pântano do Sul;Sul;3549;3380,87;0,463855;0,398104;0,335807;4,455;10,5133;19,3392;3,8235;9,0231;16,5979;3,2252;7,6111;14,0006
4205407137;Armação;Sul;4029;4049,23;0,463855;0,420242;0,374193;5,0575;11,9353;21,9549;4,582;10,8131;19,8906;4,0799;9,6282;17,7111
4205407138;Açores;Sul;1573;6198,65;0,463855;0,477504;0,483115;1,9746;4,6598;8,5716;2,0327;4,7969;8,8238;2,0565;4,8532;8,9275
4205407139;Rio das Pacas;Sul;306;3151,53;0,463855;0,389803;0,321948;0,3841;0,9065;1,6675;0,3228;0,7618;1,4013;0,2666;0,6292;1,1573
4205407140;Ratones;Norte;3364;3466,3;0,463855;0,401096;0,340873;4,2228;9,9653;18,3311;3,6514;8,617;15,851;3,1032;7,3232;13,471
4205407141;Carianos;Sul;5248;5027,46;0,463855;0,448428;0,426071;6,5877;15,5463;28,5974;6,3686;15,0293;27,6464;6,0511;14,28;26,268
4205407142;Alto Ribeirão;Sul;2986;4009,85;0,463855;0,419012;0,372006;3,7483;8,8455;16,2713;3,3859;7,9904;14,6983;3,0061;7,094;13,0494
4205407143;Ribeirão da Ilha;Sul;1580;4517,62;0,463855;0,434271;0,399594;1,9833;4,6805;8,6097;1,8568;4,382;8,0606;1,7086;4,0321;7,417
4205407144;Costeira do Ribeirão;Sul;762;4468,21;0,463855;0,432841;0,396966;0,9565;2,2573;4,1523;0,8926;2,1064;3,8747;0,8186;1,9318;3,5535
4205407145;Caiacanga;Sul;1140;4417,13;0,463855;0,431351;0,394237;1,431;3,3771;6,2121;1,3307;3,1404;5,7768;1,2162;2,8702;5,2797
4205407146;Tapera;Sul;754;3464,41;0,463855;0,40103;0,340761;0,9465;2,2336;4,1087;0,8183;1,9311;3,5522;0,6953;1,6409;3,0184
4205407147;Tapera da Base;Sul;12459;2681,52;0,463855;0,371366;0,292214;15,6395;36,9078;67,8917;12,5211;29,5487;54,3547;9,8524;23,2508;42,7697
4205407148;Caieira;Sul;301;3077,57;0,463855;0,387035;0,317393;0,3778;0,8917;1,6402;0,3153;0,744;1,3686;0,2585;0,6101;1,1223
4205407149;Santo Antônio;Norte;2172;8897,17;0,463855;0,532186;0,6001;2,7265;6,4342;11,8357;3,1281;7,382;13,5792;3,5273;8,3241;15,3121
4205407150;Cacupé;Norte;1494;14156,44;0,463855;0,611751;0,792949;1,8754;4,4257;8,1411;2,4733;5,8368;10,7368;3,2059;7,5657;13,917
4205407151;Sambaqui;Norte;1919;6663,81;0,463855;0,487983;0,504552;2,4089;5,6847;10,457;2,5342;5,9804;11,001;2,6202;6,1835;11,3745
4205407152;Barra do Sambaqui;Norte;2008;4056,15;0,463855;0,420458;0,374577;2,5206;5,9484;10,942;2,2848;5,3919;9,9183;2,0355;4,8035;8,836
4205407153;Alto Ribeirão Leste;Sul;4410;4000,46;0,463855;0,418718;0,371483;5,5358;13,0639;24,031;4,9971;11,7927;21,6926;4,4334;10,4624;19,2455
