unidade_demanda;cenario;p;r_m;metrica;variante;beta;alpha;n_demanda;n_candidatos;n_candidatos_elegiveis;n_pares_podados;n_binarias;n_continuas;n_restricoes_e1;n_restricoes_e2;Z1;Z2;Z1_no_estagio2;demanda_total;teto_Z1;cobertura_pct_municipio;cobertura_pct_teto;dist_media_ponderada_m;dist_media_generalizada_m;n_pontos_sem_demanda;aj_medio_abertos;aj_medio_elegiveis;aj_medio_conjunto;y_fracionarios;folga_cobertura_usada;folga_cobertura_permitida;status_e1;status_e2;gap_e1;gap_e2;gap_relativo_exigido;criterio_gap;tempo_e1_s;tempo_e2_s;tempo_total_s;solver;python;executado_em;grupo;n_demanda_elegiveis;n_pares_walk;dist_media_ponderada_walk_m;demanda_coberta_walk;n_pares_drive;dist_media_ponderada_drive_m;demanda_coberta_drive
setor;C1;10;800;euclid;aj_estimado;0,3;referencia;964;856;854;13768;854;13768;14680;14681;549,5877;443515,4871138781;549,587150407056;1591,3996;1547,6981999999998;34,53486478191901;35,5100044698637;516,5847871659803;806,9975558660442;0;0,6687688;0,6270310644028102;0,6268693306074766;1;0,0005495929440257896;0,0005495877000158038;Optimal;Optimal;0,0;0,0;0,0;"gapRel exigido = 0.0; status Optimal nos dois estagios significa otimalidade comprovada";0,8508770999906119;13,106867599999532;13,957744699990144;CBC via PuLP 2.8.0;3.13.15;2026-10-06T03:29:44+00:00;matriz_principal;911,0;;;;;;
setor;C1;10;800;walk;aj_estimado;0,3;referencia;964;856;815;5726;815;5726;6528;6529;315,7763;232305,86688189264;315,77598421495003;1591,3996;1370,1013000000003;19,842678105486517;23,047660782454546;538,0557591536326;735,6666703436227;0;0,7351292;0,6292762294478528;0,6268693306074766;1;0,0003157850499633241;0,00031577630000908033;Optimal;Optimal;0,0;0,0;0,0;"gapRel exigido = 0.0; status Optimal nos dois estagios significa otimalidade comprovada";0,49071230000117794;3,7303787999990163;4,221091100000194;CBC via PuLP 2.8.0;3.13.15;2026-10-06T03:29:48+00:00;matriz_principal;801,0;;;;;;
setor;C1;10;800;euclid;aj_unitario;0,3;referencia;964;856;854;13768;854;13768;14680;14681;549,5877;283162,8401422723;549,587150407056;1591,3996;1547,6981999999998;34,53486478191901;35,5100044698637;515,2282762297948;515,2282762297948;0;0,6663705;0,6270310644028102;0,6268693306074766;1;0,0005495929440257896;0,0005495877000158038;Optimal;Optimal;0,0;0,0;0,0;"gapRel exigido = 0.0; status Optimal nos dois estagios significa otimalidade comprovada";1,0373134999972535;16,695744800003013;17,733058300000266;CBC via PuLP 2.8.0;3.13.15;2026-10-06T03:30:06+00:00;matriz_principal;911,0;;;;;;
setor;C1;10;800;walk;aj_unitario;0,3;referencia;964;856;815;5726;815;5726;6528;6529;315,7763;169856,43305058108;315,775984226012;1591,3996;1370,1013000000003;19,842678105486517;23,047660782454546;537,9016820006458;537,9016820006458;0;0,7351292;0,6292762294478528;0,6268693306074766;1;0,00031577398800664014;0,00031577630000908033;Optimal;Optimal;0,0;0,0;0,0;"gapRel exigido = 0.0; status Optimal nos dois estagios significa otimalidade comprovada";0,48747110000113025;5,853798199997982;6,341269299999112;CBC via PuLP 2.8.0;3.13.15;2026-10-06T03:30:12+00:00;matriz_principal;801,0;;;;;;
setor;C2;20;800;euclid;aj_estimado;0,3;referencia;964;856;854;13768;854;13768;14680;14681;834,3493;696022,8035969716;834,348465651232;1591,3996;1547,6981999999998;52,428648342000336;53,90904376576777;512,3437950218587;834,211162662961;0;0,63159605;0,6270310644028102;0,6268693306074766;1;0,0008343487679667305;0,0008343493000239923;Optimal;Optimal;0,0;0,0;0,0;"gapRel exigido = 0.0; status Optimal nos dois estagios significa otimalidade comprovada";6,4964686000021175;24,704582499995013;31,20105109999713;CBC via PuLP 2.8.0;3.13.15;2026-10-06T03:30:44+00:00;matriz_principal;911,0;;;;;;
setor;C2;20;800;walk;aj_estimado;0,3;referencia;964;856;815;5726;815;5726;6528;6529;511,5391;389975,7493701571;511,538588441968;1591,3996;1370,1013000000003;32,143975655140295;37,335859764529815;540,5218305376334;762,3584186638503;0;0,7100869499999999;0,6292762294478528;0,6268693306074766;1;0,0005115580320307345;0,0005115391000147097;Optimal;Optimal;0,0;0,0;0,0;"gapRel exigido = 0.0; status Optimal nos dois estagios significa otimalidade comprovada";0,8854216000036104;3,7272957999957725;4,612717399999383;CBC via PuLP 2.8.0;3.13.15;2026-10-06T03:30:49+00:00;matriz_principal;801,0;;;;;;
setor;C2;20;800;euclid;aj_unitario;0,3;referencia;964;856;854;13768;854;13768;14680;14681;834,3493;425677,6617077668;834,348465651232;1591,3996;1547,6981999999998;52,428648342000336;53,90904376576777;510,1916995502754;510,1916995502754;0;0,6265510999999999;0,6270310644028102;0,6268693306074766;1;0,0008343487679667305;0,0008343493000239923;Optimal;Optimal;0,0;0,0;0,0;"gapRel exigido = 0.0; status Optimal nos dois estagios significa otimalidade comprovada";6,500917700002901;16,791229399997974;23,292147100000875;CBC via PuLP 2.8.0;3.13.15;2026-10-06T03:31:12+00:00;matriz_principal;911,0;;;;;;
setor;C2;20;800;walk;aj_unitario;0,3;referencia;964;856;815;5726;815;5726;6528;6529;511,5391;275699,1416808046;511,538588457022;1591,3996;1370,1013000000003;32,143975655140295;37,335859764529815;538,9605943755076;538,9605943755076;0;0,7025606999999999;0,6292762294478528;0,6268693306074766;1;0,0005115429780175873;0,0005115391000147097;Optimal;Optimal;0,0;0,0;0,0;"gapRel exigido = 0.0; status Optimal nos dois estagios significa otimalidade comprovada";0,47341180000512395;3,466421999997692;3,939833800002816;CBC via PuLP 2.8.0;3.13.15;2026-10-06T03:31:16+00:00;matriz_principal;801,0;;;;;;
setor;C3;40;800;euclid;aj_estimado;0,3;referencia;964;856;854;13768;854;13768;14680;14681;1163,2245;907170,43895341;1163,223336777534;1591,3996;1547,6981999999998;73,09443209612469;75,15835451640379;493,01199794329983;779,8764091739564;0;0,6366623499999999;0,6270310644028102;0,6268693306074766;1;0,0011632224659479107;0,0011632245000334494;Optimal;Optimal;0,0;0,0;0,0;"gapRel exigido = 0.0; status Optimal nos dois estagios significa otimalidade comprovada";5,349334500002442;28,573585599995567;33,92292009999801;CBC via PuLP 2.8.0;3.13.15;2026-10-06T03:31:50+00:00;matriz_principal;911,0;;;;;;
setor;C3;40;800;walk;aj_estimado;0,3;referencia;964;856;815;5726;815;5726;6528;6529;763,1087;631694,286437179;763,107936898838;1591,3996;1370,1013000000003;47,95204799599045;55,69724661964774;543,4803679741962;827,7915297333877;0;0,654235675;0,6292762294478528;0,6268693306074766;1;0,0007631011619650963;0,0007631087000219437;Optimal;Optimal;0,0;0,0;0,0;"gapRel exigido = 0.0; status Optimal nos dois estagios significa otimalidade comprovada";1,2268458000035025;4,086129499992239;5,312975299995742;CBC via PuLP 2.8.0;3.13.15;2026-10-06T03:31:56+00:00;matriz_principal;801,0;;;;;;
setor;C3;40;800;euclid;aj_unitario;0,3;referencia;964;856;854;13768;854;13768;14680;14681;1163,2245;572168,1412584356;1163,223336790489;1591,3996;1547,6981999999998;73,09443209612469;75,15835451640379;491,8815872772423;491,8815872772423;0;0,6307834999999999;0,6270310644028102;0,6268693306074766;1;0,0011632095111053786;0,0011632245000334494;Optimal;Optimal;0,0;0,0;0,0;"gapRel exigido = 0.0; status Optimal nos dois estagios significa otimalidade comprovada";8,20930619999126;41,0266646000091;49,23597080000036;CBC via PuLP 2.8.0;3.13.15;2026-10-06T03:32:45+00:00;matriz_principal;911,0;;;;;;
setor;C3;40;800;walk;aj_unitario;0,3;referencia;964;856;815;5726;815;5726;6528;6529;763,1087;411567,8219315526;763,107936890375;1591,3996;1370,1013000000003;47,95204799599045;55,69724661964774;539,3310723626726;539,3310723626726;0;0,645392925;0,6292762294478528;0,6268693306074766;1;0,0007631096250406699;0,0007631087000219437;Optimal;Optimal;0,0;0,0;0,0;"gapRel exigido = 0.0; status Optimal nos dois estagios significa otimalidade comprovada";1,1989746000035666;5,692838600007235;6,891813200010802;CBC via PuLP 2.8.0;3.13.15;2026-10-06T03:32:52+00:00;matriz_principal;801,0;;;;;;
setor;C4;20;500;euclid;aj_estimado;0,3;referencia;964;856;835;6418;835;6418;7259;7260;524,8185;269248,6216154665;524,817975187852;1591,3996;1444,1347;32,978423521031424;36,34138145146709;329,2067012583311;513,0323928388551;0;0,6612114000000001;0,6274517640718563;0,6268693306074766;1;0,0005248121480008194;0,0005248185000150914;Optimal;Optimal;0,0;0,0;0,0;"gapRel exigido = 0.0; status Optimal nos dois estagios significa otimalidade comprovada";0,5378928999998607;3,485467399994377;4,023360299994238;CBC via PuLP 2.8.0;3.13.15;2026-10-06T03:32:56+00:00;matriz_principal;840,0;;;;;;
setor;C4;20;500;walk;aj_estimado;0,3;referencia;964;856;704;2290;704;2290;2900;2901;288,6722;151729,14700988054;288,671911311338;1591,3996;1026,679;18,13951693842326;28,11708430775344;362,61838669908553;525,6110520785576;0;0,6992590000000001;0,6349608693181819;0,6268693306074766;1;0,00028868866195352894;0,00028867220000830095;Optimal;Optimal;0,0;0,0;0,0;"gapRel exigido = 0.0; status Optimal nos dois estagios significa otimalidade comprovada";0,18680980001227;0,7350308999884874;0,9218407000007574;CBC via PuLP 2.8.0;3.13.15;2026-10-06T03:32:57+00:00;matriz_principal;609,0;;;;;;
setor;C4;20;500;euclid;aj_unitario;0,3;referencia;964;856;835;6418;835;6418;7259;7260;524,8185;172486,69305157848;524,817975187852;1591,3996;1444,1347;32,978423521031424;36,34138145146709;328,6600330139971;328,6600330139971;0;0,6504726000000001;0,6274517640718563;0,6268693306074766;1;0,0005248121480008194;0,0005248185000150914;Optimal;Optimal;0,0;0,0;0,0;"gapRel exigido = 0.0; status Optimal nos dois estagios significa otimalidade comprovada";0,5624458000093;5,038455199988675;5,600900999997975;CBC via PuLP 2.8.0;3.13.15;2026-10-06T03:33:03+00:00;matriz_principal;840,0;;;;;;
setor;C4;20;500;walk;aj_unitario;0,3;referencia;964;856;704;2290;704;2290;2900;2901;288,6722;104423,96259396669;288,671911331262;1591,3996;1026,679;18,13951693842326;28,11708430775344;361,7392565573732;361,7392565573732;0;0,6957576000000001;0,6349608693181819;0,6268693306074766;1;0,0002886687379941577;0,00028867220000830095;Optimal;Optimal;0,0;0,0;0,0;"gapRel exigido = 0.0; status Optimal nos dois estagios significa otimalidade comprovada";0,17745519999880344;0,7587378000025637;0,9361930000013672;CBC via PuLP 2.8.0;3.13.15;2026-10-06T03:33:04+00:00;matriz_principal;609,0;;;;;;
setor;C5;20;1500;euclid;aj_estimado;0,3;referencia;964;856;856;36346;856;36346;37298;37299;1271,4358;1736133,858450926;1271,434528561237;1591,3996;1580,7808;79,89418873801401;80,43087314825686;884,9761989361482;1365,4921424979295;0;0,6525829999999999;0,6268693306074766;0,6268693306074766;1;0,0012714387630694546;0,0012714358000365609;Optimal;Optimal;0,0;0,0;0,0;"gapRel exigido = 0.0; status Optimal nos dois estagios significa otimalidade comprovada";48,733550300006755;121,66935399999784;170,4029043000046;CBC via PuLP 2.8.0;3.13.15;2026-10-06T03:35:54+00:00;matriz_principal;951,0;;;;;;
setor;C5;20;1500;drive;aj_estimado;0,3;referencia;964;856;848;15019;848;15019;15942;15943;899,617;1231978,8526606266;899,616100386032;1591,3996;1558,6491;56,52992497924468;57,71773775123599;942,0291634673779;1369,4495375660515;0;0,6857291;0,6277673655660377;0,6268693306074766;1;0,0008996139679311455;0,0008996170000258691;Optimal;Optimal;0,0;0,0;0,0;"gapRel exigido = 0.0; status Optimal nos dois estagios significa otimalidade comprovada";6,090588999999454;21,711538200004725;27,80212720000418;CBC via PuLP 2.8.0;3.13.15;2026-10-06T03:36:22+00:00;matriz_principal;922,0;;;;;;
setor;C5;20;1500;euclid;aj_unitario;0,3;referencia;964;856;856;36346;856;36346;37298;37299;1271,4358;1117596,4773448382;1271,434528562763;1591,3996;1580,7808;79,89418873801401;80,43087314825686;879,0043468523509;879,0043468523509;0;0,640593;0,6268693306074766;0,6268693306074766;1;0,001271437236937345;0,0012714358000365609;Optimal;Optimal;0,0;0,0;0,0;"gapRel exigido = 0.0; status Optimal nos dois estagios significa otimalidade comprovada";55,627889799987315;123,61425270000473;179,24214249999204;CBC via PuLP 2.8.0;3.13.15;2026-10-06T03:39:22+00:00;matriz_principal;951,0;;;;;;
setor;C5;20;1500;drive;aj_unitario;0,3;referencia;964;856;848;15019;848;15019;15942;15943;899,617;842994,4148903765;899,61610038538;1591,3996;1558,6491;56,52992497924468;57,71773775123599;937,060168808953;937,060168808953;0;0,6639799999999999;0,6277673655660377;0,6268693306074766;1;0,0008996146199251598;0,0008996170000258691;Optimal;Optimal;0,0;0,0;0,0;"gapRel exigido = 0.0; status Optimal nos dois estagios significa otimalidade comprovada";6,278497499995865;23,02526329999091;29,303760799986776;CBC via PuLP 2.8.0;3.13.15;2026-10-06T03:39:51+00:00;matriz_principal;922,0;;;;;;
setor;C6;20;800/1500;misto;aj_estimado;0,3;referencia;964;856;847;8041;847;8041;8946;8947;619,1928;682442,6269535723;619,1921808057521;1591,3996;1523,6946;38,90869395719341;40,63759233641702;754,6866103996538;1102,149943278535;0;0,6920191499999999;0,6276644250295159;0,6268693306074766;1;0,0006191942479745194;0,0006191928000178053;Optimal;Optimal;0,0;0,0;0,0;"gapRel exigido = 0.0; status Optimal nos dois estagios significa otimalidade comprovada";0,838545399994473;5,407312499999534;6,245857899994007;CBC via PuLP 2.8.0;3.13.15;2026-10-06T03:39:58+00:00;matriz_principal;904,0;4484,0;537,3470805157854;339,0937;3557,0;1017,8028726963115;280,098480805752
setor;C6;20;800/1500;misto;aj_unitario;0,3;referencia;964;856;847;8041;847;8041;8946;8947;619,1928;464516,00474430446;619,192180806558;1591,3996;1523,6946;38,90869395719341;40,63759233641702;750,196819570989;750,196819570989;0;0,6752592499999999;0,6276644250295159;0,6268693306074766;1;0,0006191934420485268;0,0006191928000178053;Optimal;Optimal;0,0;0,0;0,0;"gapRel exigido = 0.0; status Optimal nos dois estagios significa otimalidade comprovada";0,8435973000014201;4,781393600002048;5,624990900003468;CBC via PuLP 2.8.0;3.13.15;2026-10-06T03:40:04+00:00;matriz_principal;904,0;4484,0;537,2036377443106;339,0937;3557,0;1008,0512923707222;280,098480806558
setor;C2;20;800;walk;aj_estimado;0,0;conservador;964;856;815;5726;815;5726;6528;6529;207,6167;175104,2333138796;207,616492381064;674,3494;580,8599999999999;30,787704415544827;35,74298454016459;548,342137159451;843,4023294858935;0;0,6628090499999998;0,6292762294478528;0,6268693306074766;1;0,00020761893600251824;0,00020761670000597017;Optimal;Optimal;0,0;0,0;0,0;"gapRel exigido = 0.0; status Optimal nos dois estagios significa otimalidade comprovada";0,5455204000027152;2,7636981999967247;3,30921859999944;CBC via PuLP 2.8.0;3.13.15;2026-10-06T03:40:07+00:00;sensibilidade_alpha_beta;801,0;;;;;;
setor;C2;20;800;walk;aj_estimado;0,0;referencia;964;856;815;5726;815;5726;6528;6529;489,9548;413228,3717668875;489,954310047722;1591,3993999999998;1370,7732;30,787670273094236;35,742951496279616;548,34160359235;843,4018505248764;0;0,6628090499999998;0,6292762294478528;0,6268693306074766;1;0,0004899522779737708;0,000489954800014089;Optimal;Optimal;0,0;0,0;0,0;"gapRel exigido = 0.0; status Optimal nos dois estagios significa otimalidade comprovada";0,5546997000055853;3,0647430999961216;3,619442800001707;CBC via PuLP 2.8.0;3.13.15;2026-10-06T03:40:11+00:00;sensibilidade_alpha_beta;801,0;;;;;;
setor;C2;20;800;walk;aj_estimado;0,0;otimista;964;856;815;5726;815;5726;6528;6529;901,2709;760132,9409917353;901,269998739883;2927,3732;2521,5326999999997;30,787700727737754;35,74297886360942;548,3415890284381;843,4020238713374;0;0,6628090499999998;0,6292762294478528;0,6268693306074766;1;0,0009012601169615664;0,0009012709000259167;Optimal;Optimal;0,0;0,0;0,0;"gapRel exigido = 0.0; status Optimal nos dois estagios significa otimalidade comprovada";0,5691125000012107;2,931241400001454;3,500353900002665;CBC via PuLP 2.8.0;3.13.15;2026-10-06T03:40:14+00:00;sensibilidade_alpha_beta;801,0;;;;;;
setor;C2;20;800;walk;aj_estimado;0,3;conservador;964;856;815;5726;815;5726;6528;6529;216,7633;165251,08703265784;216,76308324346;674,3502;580,5759;32,14402546332751;37,335910774112385;540,5214683474683;762,3580757386363;0;0,7100869499999999;0,6292762294478528;0,6268693306074766;1;0,00021675653999864153;0,00021676330000623315;Optimal;Optimal;0,0;0,0;0,0;"gapRel exigido = 0.0; status Optimal nos dois estagios significa otimalidade comprovada";0,5509348000050522;4,73803069999849;5,288965500003542;CBC via PuLP 2.8.0;3.13.15;2026-10-06T03:40:20+00:00;sensibilidade_alpha_beta;801,0;;;;;;
setor;C2;20;800;walk;aj_estimado;0,3;referencia;964;856;815;5726;815;5726;6528;6529;511,5391;389975,7493701571;511,538588441968;1591,3996;1370,1013000000003;32,143975655140295;37,335859764529815;540,5218305376334;762,3584186638503;0;0,7100869499999999;0,6292762294478528;0,6268693306074766;1;0,0005115580320307345;0,0005115391000147097;Optimal;Optimal;0,0;0,0;0,0;"gapRel exigido = 0.0; status Optimal nos dois estagios significa otimalidade comprovada";0,5476822999917204;4,173746400003438;4,721428699995158;CBC via PuLP 2.8.0;3.13.15;2026-10-06T03:40:25+00:00;sensibilidade_alpha_beta;801,0;;;;;;
setor;C2;20;800;walk;aj_estimado;0,3;otimista;964;856;815;5726;815;5726;6528;6529;940,9752;717359,6973480429;940,974258981832;2927,3746;2520,2969000000003;32,14399687692856;37,33588689491305;540,5217769059684;762,3584710215682;0;0,7100869499999999;0,6292762294478528;0,6268693306074766;1;0,0009410181679641028;0,0009409752000270583;Optimal;Optimal;0,0;0,0;0,0;"gapRel exigido = 0.0; status Optimal nos dois estagios significa otimalidade comprovada";0,5373748999991221;4,533672099991236;5,071046999990358;CBC via PuLP 2.8.0;3.13.15;2026-10-06T03:40:30+00:00;sensibilidade_alpha_beta;801,0;;;;;;
setor;C2;20;800;walk;aj_estimado;0,6;conservador;964;856;815;5726;815;5726;6528;6529;231,9524;180462,4760324203;231,9521680543;673,708;580,2141;34,42921859321843;39,97703606306707;545,6154641245768;778,0159053748272;0;0,6997799;0,6292762294478528;0,6268693306074766;1;0,00023194570002260662;0,00023195240000666996;Optimal;Optimal;0,0;0,0;0,0;"gapRel exigido = 0.0; status Optimal nos dois estagios significa otimalidade comprovada";0,5357526000007056;3,7756850000005215;4,311437600001227;CBC via PuLP 2.8.0;3.13.15;2026-10-06T03:40:34+00:00;sensibilidade_alpha_beta;801,0;;;;;;
setor;C2;20;800;walk;aj_estimado;0,6;referencia;964;856;815;5726;815;5726;6528;6529;547,3836;425872,9229154475;547,383052633884;1589,8881999999999;1369,2506;34,429062370549076;39,976874941665166;545,6157830145801;778,0162737341666;0;0,6997799;0,6292762294478528;0,6268693306074766;1;0,000547366116052217;0,0005473836000157404;Optimal;Optimal;0,0;0,0;0,0;"gapRel exigido = 0.0; status Optimal nos dois estagios significa otimalidade comprovada";0,5341666000022087;4,2832294999971054;4,817396099999314;CBC via PuLP 2.8.0;3.13.15;2026-10-06T03:40:39+00:00;sensibilidade_alpha_beta;801,0;;;;;;
setor;C2;20;800;walk;aj_estimado;0,6;otimista;964;856;815;5726;815;5726;6528;6529;1006,9111;783392,4629967246;1006,910093117604;2924,5936;2518,7321;34,429094695413404;39,9769034586886;545,6157075939996;778,0162979310076;0;0,6997799;0,6292762294478528;0,6268693306074766;1;0,0010068823960409645;0,0010069111000289544;Optimal;Optimal;0,0;0,0;0,0;"gapRel exigido = 0.0; status Optimal nos dois estagios significa otimalidade comprovada";0,5245308000012301;3,994626200001221;4,519157000002451;CBC via PuLP 2.8.0;3.13.15;2026-10-06T03:40:44+00:00;sensibilidade_alpha_beta;801,0;;;;;;
setor;C1;10;800;walk;aj_estimado;0,0;referencia;964;856;815;5726;815;5726;6528;6529;292,8502;224777,2563000708;292,849907175374;1591,3993999999998;1370,7732;18,402055448808138;21,36386967588803;543,3196323662984;767,5510587253232;0;0,7115228;0,6292762294478528;0,6268693306074766;1;0,00029282462594437675;0,00029285020000842106;Optimal;Optimal;0,0;0,0;0,0;"gapRel exigido = 0.0; status Optimal nos dois estagios significa otimalidade comprovada";0,5206010999972932;2,762244199999259;3,282845299996552;CBC via PuLP 2.8.0;3.13.15;2026-10-06T03:40:47+00:00;equidade_beta0;801,0;;;;;;
setor;C3;40;800;walk;aj_estimado;0,0;referencia;964;856;815;5726;815;5726;6528;6529;748,2235;631574,9861878165;748,222751780736;1591,3993999999998;1370,7732;47,01670114994388;54,58404789355379;545,3920475032284;844,1002157241244;0;0,6487617250000001;0,6292762294478528;0,6268693306074766;1;0,000748219263982719;0,0007482235000215156;Optimal;Optimal;0,0;0,0;0,0;"gapRel exigido = 0.0; status Optimal nos dois estagios significa otimalidade comprovada";0,5273373999953037;3,93737770000007;4,464715099995374;CBC via PuLP 2.8.0;3.13.15;2026-10-06T03:40:52+00:00;equidade_beta0;801,0;;;;;;
setor;C4;20;500;walk;aj_estimado;0,0;referencia;964;856;704;2290;704;2290;2900;2901;262,2435;144265,2897669309;262,243237760946;1591,3993999999998;1034,4354;16,47879847133284;25,3513655855165;362,4959578195924;550,12015180517;0;0,67697005;0,6349608693181819;0,6268693306074766;1;0,0002622390539954722;0,00026224350000754096;Optimal;Optimal;0,0;0,0;0,0;"gapRel exigido = 0.0; status Optimal nos dois estagios significa otimalidade comprovada";0,202401499991538;0,7461114000034286;0,9485128999949666;CBC via PuLP 2.8.0;3.13.15;2026-10-06T03:40:53+00:00;equidade_beta0;609,0;;;;;;
setor;C5;20;1500;drive;aj_estimado;0,0;referencia;964;856;848;15019;848;15019;15942;15943;883,6237;1282662,1509842288;883,622816368339;1591,3993999999998;1559,6284999999998;55,524948670962175;56,65603699855447;954,0361420494671;1451,5946478792023;0;0,66057855;0,6277673655660377;0,6268693306074766;1;0,0008836316609404093;0,0008836237000254092;Optimal;Optimal;0,0;0,0;0,0;"gapRel exigido = 0.0; status Optimal nos dois estagios significa otimalidade comprovada";1,6422839000006206;21,62631039999542;23,26859429999604;CBC via PuLP 2.8.0;3.13.15;2026-10-06T03:41:16+00:00;equidade_beta0;922,0;;;;;;
setor;C6;20;800/1500;misto;aj_estimado;0,0;referencia;964;856;847;8041;847;8041;8946;8947;615,9113;730970,7064481012;615,910684093394;1591,3993999999998;1527,7120999999997;38,70249668310797;40,31592732688313;782,9349603592668;1186,8128371958232;0;0,67317835;0,6276644250295159;0,6268693306074766;1;0,0006159066059581164;0,0006159113000177109;Optimal;Optimal;0,0;0,0;0,0;"gapRel exigido = 0.0; status Optimal nos dois estagios significa otimalidade comprovada";0,7588285999954678;4,673855600005481;5,432684200000949;CBC via PuLP 2.8.0;3.13.15;2026-10-06T03:41:22+00:00;equidade_beta0;904,0;4484,0;538,4872770513539;291,3632;3557,0;1002,3883923898305;324,54748409339396
setor;C2;20;800;walk;aj_estimado;0,3;referencia;964;856;815;5726;815;5726;6528;6529;511,5391;389975,7493701571;511,538588441968;1591,3996;1370,1013000000003;32,143975655140295;37,335859764529815;540,5218305376334;762,3584186638503;0;0,7100869499999999;0,6292762294478528;0,6268693306074766;1;0,0005115580320307345;0,0005115391000147097;Optimal;Optimal;0,0;0,0;0,0;"gapRel exigido = 0.0; status Optimal nos dois estagios significa otimalidade comprovada";0,5286366999935126;4,074948499997845;4,6035851999913575;CBC via PuLP 2.8.0;3.13.15;2026-10-06T03:41:26+00:00;cross_check_C2;801,0;;;;;;
setor;C2;20;800;walk;aj_estimado;0,3;referencia;964;856;815;5726;815;5726;6528;6529;511,53909999999996;389975,74939943204;511,53858846090014;1591,3996;1370,1013000000003;32,14397565514029;37,33585976452981;540,521830547057;762,3584186928645;0;0,7100869499999999;0,6292762294478528;0,6268693306074766;1;0,0005115390998184921;0,0005115391000147096;Optimal;Optimal;0,0;0,0;0,0;"gapRel exigido = 0.0; status Optimal nos dois estagios significa otimalidade comprovada";0,3791526999993948;1,0142909999995027;1,3934436999988975;HiGHS 1.15.1 via PuLP 2.8.0;3.13.15;2026-10-06T03:41:28+00:00;cross_check_C2;801,0;;;;;;
setor;C5;20;1500;drive;aj_estimado;0,3;referencia;964;856;848;15019;848;15019;15942;15943;899,617;1231978,8526606266;899,616100386032;1591,3996;1558,6491;56,52992497924468;57,71773775123599;942,0291634673779;1369,4495375660515;0;0,6857291;0,6277673655660377;0,6268693306074766;1;0,0008996139679311455;0,0008996170000258691;Optimal;Optimal;0,0;0,0;0,0;"gapRel exigido = 0.0; status Optimal nos dois estagios significa otimalidade comprovada";6,165865799994208;21,607586000012816;27,773451800007024;CBC via PuLP 2.8.0;3.13.15;2026-10-06T03:41:56+00:00;cross_check_C5;922,0;;;;;;
setor;C5;20;1500;drive;aj_estimado;0,3;referencia;964;856;848;15019;848;15019;15942;15943;899,617;1231978,85265293;899,6161003829982;1591,3996;1558,6491;56,52992497924468;57,71773775123599;942,0291634656636;1369,4495375621138;0;0,6857291;0,6277673655660377;0,6268693306074766;1;0,0008996170017780969;0,0008996170000258691;Optimal;Optimal;0,0;0,0;0,0;"gapRel exigido = 0.0; status Optimal nos dois estagios significa otimalidade comprovada";3,2394456999900285;4,717631999999867;7,957077699989895;HiGHS 1.15.1 via PuLP 2.8.0;3.13.15;2026-10-06T03:42:04+00:00;cross_check_C5;922,0;;;;;;
setor;C6;20;800/1500;misto;aj_estimado;0,3;referencia;964;856;847;8041;847;8041;8946;8947;619,1928;682442,6269535723;619,1921808057521;1591,3996;1523,6946;38,90869395719341;40,63759233641702;754,6866103996538;1102,149943278535;0;0,6920191499999999;0,6276644250295159;0,6268693306074766;1;0,0006191942479745194;0,0006191928000178053;Optimal;Optimal;0,0;0,0;0,0;"gapRel exigido = 0.0; status Optimal nos dois estagios significa otimalidade comprovada";0,8616792999964673;5,461238600008073;6,322917900004541;CBC via PuLP 2.8.0;3.13.15;2026-10-06T03:42:10+00:00;cross_check_C6;904,0;4484,0;537,3470805157854;339,0937;3557,0;1017,8028726963115;280,098480805752
setor;C6;20;800/1500;misto;aj_estimado;0,3;referencia;964;856;847;8041;847;8041;8946;8947;619,1928;682442,6269572452;619,1921808071995;1591,3996;1523,6946;38,90869395719341;40,63759233641702;754,6866104012803;1102,14994328189;0;0,6920191499999999;0,6276644250295159;0,6268693306074766;1;0,0006191928005137015;0,0006191928000178053;Optimal;Optimal;0,0;0,0;0,0;"gapRel exigido = 0.0; status Optimal nos dois estagios significa otimalidade comprovada";0,5167003999958979;1,6752581000037026;2,1919584999996005;HiGHS 1.15.1 via PuLP 2.8.0;3.13.15;2026-10-06T03:42:13+00:00;cross_check_C6;904,0;4484,0;537,3470805157854;339,0937;3557,0;1017,8028726985472;280,0984808071995
